id_orac,id_orac_online,tipo_orac,palabra,palNum,pred,logit_pred,nCompletadas
1,0,3,Los,0,0.0,-1.7776740307447099,18
1,0,3,niños,1,0.0,-1.7776740307447099,18
1,0,3,disfrutaron,2,0.0,-1.7776740307447099,18
1,0,3,del,3,0.222222222222222,-0.6263814842476839,18
1,0,3,paseo,4,0.166666666666667,-0.8047189562170501,18
1,0,3,mucho,5,0.0,-1.7776740307447099,18
1,0,3,más,6,0.666666666666667,0.346573590279973,18
1,0,3,que,7,1.0,1.7776740307447099,18
1,0,3,yo.,8,0.0555555555555556,-1.41660667202811,18
2,1,3,Mucho,0,0.0,-1.7776740307447099,18
2,1,3,ruido,1,0.166666666666667,-0.8047189562170501,18
2,1,3,y,2,0.38888888888888895,-0.225992561871529,18
2,1,3,pocas,3,0.944444444444444,1.41660667202811,18
2,1,3,nueces.,4,1.0,1.7776740307447099,18
3,2,3,De,0,0.0,-1.7776740307447099,18
3,2,3,lo,1,0.0,-1.7776740307447099,18
3,2,3,que,2,0.833333333333333,0.8047189562170501,18
3,2,3,no,3,0.0,-1.7776740307447099,18
3,2,3,se,4,0.555555555555556,0.111571775657105,18
3,2,3,sabe,5,0.0555555555555556,-1.41660667202811,18
3,2,3,es,6,0.111111111111111,-1.03972077083992,18
3,2,3,mejor,7,0.166666666666667,-0.8047189562170501,18
3,2,3,callar.,8,0.0555555555555556,-1.41660667202811,18
4,3,3,Quien,0,0.0,-1.7776740307447099,18
4,3,3,mal,1,0.0555555555555556,-1.41660667202811,18
4,3,3,anda,2,0.555555555555556,0.111571775657105,18
4,3,3,mal,3,0.944444444444444,1.41660667202811,18
4,3,3,acaba.,4,0.833333333333333,0.8047189562170501,18
5,4,3,Chancho,0,0.0,-1.7776740307447099,18
5,4,3,limpio,1,0.277777777777778,-0.47775572251371795,18
5,4,3,nunca,2,0.5,0.0,18
5,4,3,engorda.,3,0.6111111111111109,0.225992561871529,18
6,5,3,La,0,0.166666666666667,-0.8047189562170501,18
6,5,3,guadaña,1,0.0,-1.7776740307447099,18
6,5,3,es,2,0.38888888888888895,-0.225992561871529,18
6,5,3,el,3,0.222222222222222,-0.6263814842476839,18
6,5,3,símbolo,4,0.111111111111111,-1.03972077083992,18
6,5,3,de,5,1.0,1.7776740307447099,18
6,5,3,la,6,1.0,1.7776740307447099,18
6,5,3,muerte.,7,0.8888888888888891,1.03972077083992,18
7,6,3,Baco,0,0.0,-1.7776740307447099,18
7,6,3,es,1,0.5,0.0,18
7,6,3,el,2,0.666666666666667,0.346573590279973,18
7,6,3,Dios,3,0.7222222222222221,0.47775572251371795,18
7,6,3,del,4,0.6111111111111109,0.225992561871529,18
7,6,3,vino,5,0.7222222222222221,0.47775572251371795,18
7,6,3,y,6,0.7222222222222221,0.47775572251371795,18
7,6,3,lo,7,0.0,-1.7776740307447099,18
7,6,3,adoran,8,0.0,-1.7776740307447099,18
7,6,3,los,9,0.6111111111111109,0.225992561871529,18
7,6,3,borrachos.,10,0.38888888888888895,-0.225992561871529,18
8,7,3,Pedro,0,0.0,-1.7776740307447099,18
8,7,3,"es,",1,0.222222222222222,-0.6263814842476839,18
8,7,3,por,2,0.0,-1.7776740307447099,18
8,7,3,el,3,0.0,-1.7776740307447099,18
8,7,3,"momento,",4,0.166666666666667,-0.8047189562170501,18
8,7,3,el,5,0.7777777777777779,0.6263814842476839,18
8,7,3,único,6,0.0555555555555556,-1.41660667202811,18
8,7,3,epiléptico,7,0.0,-1.7776740307447099,18
8,7,3,del,8,0.277777777777778,-0.47775572251371795,18
8,7,3,hospital.,9,0.222222222222222,-0.6263814842476839,18
9,8,3,A,0,0.0,-1.7776740307447099,18
9,8,3,la,1,0.166666666666667,-0.8047189562170501,18
9,8,3,isla,2,0.0,-1.7776740307447099,18
9,8,3,se,3,0.0555555555555556,-1.41660667202811,18
9,8,3,puede,4,0.0,-1.7776740307447099,18
9,8,3,llegar,5,0.7777777777777779,0.6263814842476839,18
9,8,3,solamente,6,0.0,-1.7776740307447099,18
9,8,3,por,7,0.5,0.0,18
9,8,3,avión.,8,0.0555555555555556,-1.41660667202811,18
10,9,3,Juan,0,0.0,-1.7776740307447099,18
10,9,3,se,1,0.0555555555555556,-1.41660667202811,18
10,9,3,dislocó,2,0.0,-1.7776740307447099,18
10,9,3,el,3,0.666666666666667,0.346573590279973,18
10,9,3,hombro,4,0.7777777777777779,0.6263814842476839,18
10,9,3,por,5,0.0,-1.7776740307447099,18
10,9,3,tercera,6,0.0,-1.7776740307447099,18
10,9,3,vez.,7,1.0,1.7776740307447099,18
11,10,0,Quien,0,0.111111111111111,-1.03972077083992,18
11,10,0,mucho,1,0.111111111111111,-1.03972077083992,18
11,10,0,abarca,2,0.666666666666667,0.346573590279973,18
11,10,0,poco,3,0.944444444444444,1.41660667202811,18
11,10,0,aprieta.,4,0.944444444444444,1.41660667202811,18
12,50,1,Aquiles,0,0.0,-1.7776740307447099,18
12,50,1,luchó,1,0.0,-1.7776740307447099,18
12,50,1,en,2,0.166666666666667,-0.8047189562170501,18
12,50,1,la,3,0.666666666666667,0.346573590279973,18
12,50,1,Guerra,4,0.33333333333333304,-0.346573590279973,18
12,50,1,de,5,0.944444444444444,1.41660667202811,18
12,50,1,Troya.,6,0.666666666666667,0.346573590279973,18
13,,2,Mario,0,0.0,-1.7776740307447099,18
13,,2,incorporó,1,0.0,-1.7776740307447099,18
13,,2,mucha,2,0.0,-1.7776740307447099,18
13,,2,información,3,0.222222222222222,-0.6263814842476839,18
13,,2,durante,4,0.0,-1.7776740307447099,18
13,,2,su,5,0.555555555555556,0.111571775657105,18
13,,2,vida.,6,0.166666666666667,-0.8047189562170501,18
14,11,0,En,0,0.111111111111111,-1.03972077083992,18
14,11,0,casa,1,0.0,-1.7776740307447099,18
14,11,0,de,2,0.444444444444444,-0.111571775657105,18
14,11,0,herrero,3,0.444444444444444,-0.111571775657105,18
14,11,0,cuchillo,4,0.944444444444444,1.41660667202811,18
14,11,0,de,5,1.0,1.7776740307447099,18
14,11,0,palo.,6,1.0,1.7776740307447099,18
15,51,1,En,0,0.0,-1.7776740307447099,18
15,51,1,Alaska,1,0.0,-1.7776740307447099,18
15,51,1,las,2,0.0,-1.7776740307447099,18
15,51,1,temperaturas,3,0.0555555555555556,-1.41660667202811,18
15,51,1,son,4,1.0,1.7776740307447099,18
15,51,1,muy,5,0.5,0.0,18
15,51,1,bajas.,6,0.944444444444444,1.41660667202811,18
16,90,2,En,0,0.111111111111111,-1.03972077083992,18
16,90,2,la,1,0.277777777777778,-0.47775572251371795,18
16,90,2,casa,2,0.277777777777778,-0.47775572251371795,18
16,90,2,de,3,0.8888888888888891,1.03972077083992,18
16,90,2,Juan,4,0.222222222222222,-0.6263814842476839,18
16,90,2,no,5,0.0555555555555556,-1.41660667202811,18
16,90,2,hay,6,0.7777777777777779,0.6263814842476839,18
16,90,2,animales.,7,0.0,-1.7776740307447099,18
17,12,0,Al,0,0.0,-1.7776740307447099,18
17,12,0,mal,1,0.0,-1.7776740307447099,18
17,12,0,tiempo,2,0.444444444444444,-0.111571775657105,18
17,12,0,buena,3,0.8888888888888891,1.03972077083992,18
17,12,0,cara.,4,0.944444444444444,1.41660667202811,18
18,,1,Cada,0,0.0,-1.7776740307447099,18
18,,1,quien,1,0.111111111111111,-1.03972077083992,18
18,,1,es,2,0.166666666666667,-0.8047189562170501,18
18,,1,cada,3,0.166666666666667,-0.8047189562170501,18
18,,1,cual.,4,0.6111111111111109,0.225992561871529,18
19,,2,Después,0,0.0,-1.7776740307447099,18
19,,2,de,1,1.0,1.7776740307447099,18
19,,2,escuchar,2,0.0,-1.7776740307447099,18
19,,2,la,3,0.111111111111111,-1.03972077083992,18
19,,2,noticia,4,0.0555555555555556,-1.41660667202811,18
19,,2,él,5,0.0,-1.7776740307447099,18
19,,2,quedó,6,0.0,-1.7776740307447099,18
19,,2,muy,7,0.0,-1.7776740307447099,18
19,,2,triste.,8,0.111111111111111,-1.03972077083992,18
20,13,0,Cuando,0,0.0,-1.7776740307447099,18
20,13,0,hay,1,0.0555555555555556,-1.41660667202811,18
20,13,0,hambre,2,0.33333333333333304,-0.346573590279973,18
20,13,0,no,3,0.8888888888888891,1.03972077083992,18
20,13,0,hay,4,1.0,1.7776740307447099,18
20,13,0,pan,5,0.944444444444444,1.41660667202811,18
20,13,0,duro.,6,0.8888888888888891,1.03972077083992,18
21,91,2,Javier,0,0.0,-1.7776740307447099,18
21,91,2,tiene,1,0.0555555555555556,-1.41660667202811,18
21,91,2,amigos,2,0.0,-1.7776740307447099,18
21,91,2,que,3,0.0555555555555556,-1.41660667202811,18
21,91,2,son,4,0.444444444444444,-0.111571775657105,18
21,91,2,muy,5,0.38888888888888895,-0.225992561871529,18
21,91,2,raros.,6,0.0,-1.7776740307447099,18
22,14,0,Dios,0,0.0,-1.7776740307447099,18
22,14,0,le,1,0.0,-1.7776740307447099,18
22,14,0,da,2,0.666666666666667,0.346573590279973,18
22,14,0,pan,3,0.7777777777777779,0.6263814842476839,18
22,14,0,a,4,0.38888888888888895,-0.225992561871529,18
22,14,0,quien,5,0.555555555555556,0.111571775657105,18
22,14,0,no,6,0.8888888888888891,1.03972077083992,18
22,14,0,tiene,7,0.944444444444444,1.41660667202811,18
22,14,0,dientes.,8,0.8888888888888891,1.03972077083992,18
23,52,1,Todos,0,0.0555555555555556,-1.41660667202811,18
23,52,1,los,1,0.6111111111111109,0.225992561871529,18
23,52,1,caminos,2,0.0555555555555556,-1.41660667202811,18
23,52,1,conducen,3,0.7222222222222221,0.47775572251371795,18
23,52,1,a,4,1.0,1.7776740307447099,18
23,52,1,Roma.,5,0.944444444444444,1.41660667202811,18
24,,2,Javier,0,0.0,-1.7776740307447099,18
24,,2,consiguió,1,0.0,-1.7776740307447099,18
24,,2,trabajo,2,0.0,-1.7776740307447099,18
24,,2,en,3,0.7222222222222221,0.47775572251371795,18
24,,2,una,4,0.38888888888888895,-0.225992561871529,18
24,,2,empresa,5,0.5,0.0,18
24,,2,internacional.,6,0.0,-1.7776740307447099,18
25,,0,Por,0,0.0,-1.7776740307447099,18
25,,0,la,1,0.0555555555555556,-1.41660667202811,18
25,,0,boca,2,0.0555555555555556,-1.41660667202811,18
25,,0,muere,3,0.666666666666667,0.346573590279973,18
25,,0,el,4,0.944444444444444,1.41660667202811,18
25,,0,pez.,5,0.8888888888888891,1.03972077083992,18
26,53,1,En,0,0.111111111111111,-1.03972077083992,18
26,53,1,Alemania,1,0.0,-1.7776740307447099,18
26,53,1,tiraron,2,0.0,-1.7776740307447099,18
26,53,1,el,3,0.222222222222222,-0.6263814842476839,18
26,53,1,muro,4,0.666666666666667,0.346573590279973,18
26,53,1,de,5,0.944444444444444,1.41660667202811,18
26,53,1,Berlín.,6,1.0,1.7776740307447099,18
27,92,2,Jorge,0,0.0,-1.7776740307447099,18
27,92,2,consiguió,1,0.0555555555555556,-1.41660667202811,18
27,92,2,una,2,0.111111111111111,-1.03972077083992,18
27,92,2,beca,3,0.111111111111111,-1.03972077083992,18
27,92,2,para,4,0.6111111111111109,0.225992561871529,18
27,92,2,estudiar,5,0.33333333333333304,-0.346573590279973,18
27,92,2,en,6,0.7222222222222221,0.47775572251371795,18
27,92,2,la,7,0.444444444444444,-0.111571775657105,18
27,92,2,universidad.,8,0.8888888888888891,1.03972077083992,18
28,15,0,A,0,0.0,-1.7776740307447099,18
28,15,0,palabras,1,0.0,-1.7776740307447099,18
28,15,0,"necias,",2,0.7777777777777779,0.6263814842476839,18
28,15,0,oídos,3,1.0,1.7776740307447099,18
28,15,0,sordos.,4,1.0,1.7776740307447099,18
29,,0,A,0,0.166666666666667,-0.8047189562170501,18
29,,0,las,1,0.0555555555555556,-1.41660667202811,18
29,,0,palabras,2,0.222222222222222,-0.6263814842476839,18
29,,0,se,3,0.5,0.0,18
29,,0,las,4,0.8888888888888891,1.03972077083992,18
29,,0,lleva,5,0.7777777777777779,0.6263814842476839,18
29,,0,el,6,0.7777777777777779,0.6263814842476839,18
29,,0,viento.,7,1.0,1.7776740307447099,18
30,93,2,Gustavo,0,0.0,-1.7776740307447099,18
30,93,2,encontró,1,0.0,-1.7776740307447099,18
30,93,2,una,2,0.5,0.0,18
30,93,2,billetera,3,0.166666666666667,-0.8047189562170501,18
30,93,2,tirada,4,0.111111111111111,-1.03972077083992,18
30,93,2,en,5,1.0,1.7776740307447099,18
30,93,2,el,6,0.166666666666667,-0.8047189562170501,18
30,93,2,bar.,7,0.0,-1.7776740307447099,18
31,16,0,Ojos,0,0.0,-1.7776740307447099,18
31,16,0,que,1,0.944444444444444,1.41660667202811,18
31,16,0,no,2,1.0,1.7776740307447099,18
31,16,0,ven,3,0.944444444444444,1.41660667202811,18
31,16,0,corazón,4,0.944444444444444,1.41660667202811,18
31,16,0,que,5,1.0,1.7776740307447099,18
31,16,0,no,6,0.944444444444444,1.41660667202811,18
31,16,0,siente.,7,1.0,1.7776740307447099,18
32,94,2,Luis,0,0.0,-1.7776740307447099,18
32,94,2,miró,1,0.0,-1.7776740307447099,18
32,94,2,todo,2,0.0,-1.7776740307447099,18
32,94,2,el,3,0.111111111111111,-1.03972077083992,18
32,94,2,partido,4,0.0555555555555556,-1.41660667202811,18
32,94,2,de,5,0.33333333333333304,-0.346573590279973,18
32,94,2,fútbol.,6,0.7222222222222221,0.47775572251371795,18
33,54,1,Alemania,0,0.0,-1.7776740307447099,18
33,54,1,perdió,1,0.0,-1.7776740307447099,18
33,54,1,la,2,0.666666666666667,0.346573590279973,18
33,54,1,segunda,3,0.277777777777778,-0.47775572251371795,18
33,54,1,guerra,4,0.8888888888888891,1.03972077083992,18
33,54,1,mundial.,5,1.0,1.7776740307447099,18
34,17,0,Al,0,0.0,-1.7776740307447099,18
34,17,0,que,1,0.5,0.0,18
34,17,0,madruga,2,0.666666666666667,0.346573590279973,18
34,17,0,Dios,3,0.944444444444444,1.41660667202811,18
34,17,0,lo,4,0.833333333333333,0.8047189562170501,18
34,17,0,ayuda.,5,0.944444444444444,1.41660667202811,18
35,,0,Para,0,0.0,-1.7776740307447099,18
35,,0,el,1,0.0,-1.7776740307447099,18
35,,0,César,2,0.0,-1.7776740307447099,18
35,,0,lo,3,0.6111111111111109,0.225992561871529,18
35,,0,que,4,0.666666666666667,0.346573590279973,18
35,,0,es,5,0.7222222222222221,0.47775572251371795,18
35,,0,del,6,0.833333333333333,0.8047189562170501,18
35,,0,César.,7,0.944444444444444,1.41660667202811,18
36,95,2,A,0,0.0555555555555556,-1.41660667202811,18
36,95,2,Mario,1,0.0,-1.7776740307447099,18
36,95,2,le,2,0.7222222222222221,0.47775572251371795,18
36,95,2,gusta,3,0.277777777777778,-0.47775572251371795,18
36,95,2,ver,4,0.0,-1.7776740307447099,18
36,95,2,cine,5,0.0,-1.7776740307447099,18
36,95,2,los,6,0.0555555555555556,-1.41660667202811,18
36,95,2,domingos.,7,0.38888888888888895,-0.225992561871529,18
37,18,0,A,0,0.166666666666667,-0.8047189562170501,18
37,18,0,caballo,1,0.111111111111111,-1.03972077083992,18
37,18,0,regalado,2,0.944444444444444,1.41660667202811,18
37,18,0,no,3,1.0,1.7776740307447099,18
37,18,0,se,4,1.0,1.7776740307447099,18
37,18,0,le,5,1.0,1.7776740307447099,18
37,18,0,miran,6,0.944444444444444,1.41660667202811,18
37,18,0,los,7,1.0,1.7776740307447099,18
37,18,0,dientes.,8,1.0,1.7776740307447099,18
38,55,1,A,0,0.33333333333333304,-0.346573590279973,18
38,55,1,las,1,0.0555555555555556,-1.41660667202811,18
38,55,1,hojas,2,0.0,-1.7776740307447099,18
38,55,1,las,3,0.0555555555555556,-1.41660667202811,18
38,55,1,amontona,4,0.0,-1.7776740307447099,18
38,55,1,el,5,0.944444444444444,1.41660667202811,18
38,55,1,viento.,6,0.944444444444444,1.41660667202811,18
39,,2,A,0,0.0555555555555556,-1.41660667202811,18
39,,2,ella,1,0.0,-1.7776740307447099,18
39,,2,le,2,0.8888888888888891,1.03972077083992,18
39,,2,gustaba,3,0.0,-1.7776740307447099,18
39,,2,ver,4,0.0,-1.7776740307447099,18
39,,2,fotos,5,0.0555555555555556,-1.41660667202811,18
39,,2,de,6,0.555555555555556,0.111571775657105,18
39,,2,su,7,0.277777777777778,-0.47775572251371795,18
39,,2,infancia.,8,0.166666666666667,-0.8047189562170501,18
40,19,0,Más,0,0.0,-1.7776740307447099,18
40,19,0,vale,1,0.33333333333333304,-0.346573590279973,18
40,19,0,pájaro,2,0.8888888888888891,1.03972077083992,18
40,19,0,en,3,1.0,1.7776740307447099,18
40,19,0,"mano,",4,1.0,1.7776740307447099,18
40,19,0,que,5,1.0,1.7776740307447099,18
40,19,0,cien,6,0.8888888888888891,1.03972077083992,18
40,19,0,volando.,7,1.0,1.7776740307447099,18
41,,1,Síganme,0,0.0,-1.7776740307447099,18
41,,1,que,1,0.222222222222222,-0.6263814842476839,18
41,,1,no,2,1.0,1.7776740307447099,18
41,,1,los,3,1.0,1.7776740307447099,18
41,,1,voy,4,1.0,1.7776740307447099,18
41,,1,a,5,1.0,1.7776740307447099,18
41,,1,defraudar.,6,0.944444444444444,1.41660667202811,18
42,96,2,La,0,0.111111111111111,-1.03972077083992,18
42,96,2,casa,1,0.111111111111111,-1.03972077083992,18
42,96,2,de,2,0.555555555555556,0.111571775657105,18
42,96,2,Martín,3,0.0,-1.7776740307447099,18
42,96,2,tiene,4,0.111111111111111,-1.03972077083992,18
42,96,2,un,5,0.277777777777778,-0.47775572251371795,18
42,96,2,parque,6,0.0555555555555556,-1.41660667202811,18
42,96,2,muy,7,0.38888888888888895,-0.225992561871529,18
42,96,2,grande.,8,0.6111111111111109,0.225992561871529,18
43,20,0,Haz,0,0.0,-1.7776740307447099,18
43,20,0,el,1,0.5,0.0,18
43,20,0,bien,2,0.7777777777777779,0.6263814842476839,18
43,20,0,sin,3,0.6111111111111109,0.225992561871529,18
43,20,0,mirar,4,0.666666666666667,0.346573590279973,18
43,20,0,a,5,0.833333333333333,0.8047189562170501,18
43,20,0,quién.,6,0.666666666666667,0.346573590279973,18
44,56,1,Hay,0,0.0,-1.7776740307447099,18
44,56,1,que,1,0.444444444444444,-0.111571775657105,18
44,56,1,pensar,2,0.0555555555555556,-1.41660667202811,18
44,56,1,antes,3,0.444444444444444,-0.111571775657105,18
44,56,1,de,4,0.8888888888888891,1.03972077083992,18
44,56,1,hablar.,5,0.6111111111111109,0.225992561871529,18
45,97,2,Juan,0,0.0,-1.7776740307447099,18
45,97,2,no,1,0.0,-1.7776740307447099,18
45,97,2,anda,2,0.0,-1.7776740307447099,18
45,97,2,bien,3,0.33333333333333304,-0.346573590279973,18
45,97,2,con,4,0.0555555555555556,-1.41660667202811,18
45,97,2,su,5,0.833333333333333,0.8047189562170501,18
45,97,2,pareja.,6,0.0555555555555556,-1.41660667202811,18
46,21,0,Hombre,0,0.0,-1.7776740307447099,18
46,21,0,prevenido,1,0.0,-1.7776740307447099,18
46,21,0,vale,2,0.833333333333333,0.8047189562170501,18
46,21,0,por,3,0.8888888888888891,1.03972077083992,18
46,21,0,dos.,4,0.833333333333333,0.8047189562170501,18
47,57,1,El,0,0.0555555555555556,-1.41660667202811,18
47,57,1,hombre,1,0.0555555555555556,-1.41660667202811,18
47,57,1,es,2,0.222222222222222,-0.6263814842476839,18
47,57,1,un,3,0.555555555555556,0.111571775657105,18
47,57,1,animal,4,0.7777777777777779,0.6263814842476839,18
47,57,1,racional.,5,0.111111111111111,-1.03972077083992,18
48,,2,Juan,0,0.0,-1.7776740307447099,18
48,,2,era,1,0.0555555555555556,-1.41660667202811,18
48,,2,una,2,0.166666666666667,-0.8047189562170501,18
48,,2,persona,3,0.444444444444444,-0.111571775657105,18
48,,2,muy,4,0.7222222222222221,0.47775572251371795,18
48,,2,creativa.,5,0.0,-1.7776740307447099,18
49,58,1,El,0,0.0,-1.7776740307447099,18
49,58,1,perro,1,0.0,-1.7776740307447099,18
49,58,1,enterró,2,0.0,-1.7776740307447099,18
49,58,1,un,3,0.666666666666667,0.346573590279973,18
49,58,1,hueso,4,1.0,1.7776740307447099,18
49,58,1,en,5,1.0,1.7776740307447099,18
49,58,1,el,6,1.0,1.7776740307447099,18
49,58,1,patio.,7,0.5,0.0,18
50,98,2,La,0,0.222222222222222,-0.6263814842476839,18
50,98,2,película,1,0.0,-1.7776740307447099,18
50,98,2,terminó,2,0.0,-1.7776740307447099,18
50,98,2,de,3,0.0,-1.7776740307447099,18
50,98,2,forma,4,0.0,-1.7776740307447099,18
50,98,2,extraña.,5,0.0555555555555556,-1.41660667202811,18
51,22,0,En,0,0.0555555555555556,-1.41660667202811,18
51,22,0,boca,1,0.0,-1.7776740307447099,18
51,22,0,cerrada,2,0.444444444444444,-0.111571775657105,18
51,22,0,no,3,0.944444444444444,1.41660667202811,18
51,22,0,entran,4,0.8888888888888891,1.03972077083992,18
51,22,0,moscas.,5,0.944444444444444,1.41660667202811,18
52,59,1,D'Artagnan,0,0.0,-1.7776740307447099,18
52,59,1,era,1,0.5,0.0,18
52,59,1,amigo,2,0.38888888888888895,-0.225992561871529,18
52,59,1,de,3,0.944444444444444,1.41660667202811,18
52,59,1,los,4,0.666666666666667,0.346573590279973,18
52,59,1,tres,5,0.7222222222222221,0.47775572251371795,18
52,59,1,mosqueteros.,6,0.944444444444444,1.41660667202811,18
53,,2,Leandro,0,0.0,-1.7776740307447099,18
53,,2,era,1,0.111111111111111,-1.03972077083992,18
53,,2,el,2,0.0555555555555556,-1.41660667202811,18
53,,2,músico,3,0.0,-1.7776740307447099,18
53,,2,más,4,0.555555555555556,0.111571775657105,18
53,,2,prestigioso,5,0.0,-1.7776740307447099,18
53,,2,de,6,0.7222222222222221,0.47775572251371795,18
53,,2,la,7,0.7222222222222221,0.47775572251371795,18
53,,2,orquesta.,8,0.222222222222222,-0.6263814842476839,18
54,23,0,No,0,0.0555555555555556,-1.41660667202811,18
54,23,0,por,1,0.0555555555555556,-1.41660667202811,18
54,23,0,mucho,2,0.6111111111111109,0.225992561871529,18
54,23,0,madrugar,3,0.666666666666667,0.346573590279973,18
54,23,0,amanece,4,0.33333333333333304,-0.346573590279973,18
54,23,0,más,5,0.7222222222222221,0.47775572251371795,18
54,23,0,temprano.,6,0.8888888888888891,1.03972077083992,18
55,,1,Manuelita,0,0.0,-1.7776740307447099,18
55,,1,vivía,1,0.7222222222222221,0.47775572251371795,18
55,,1,en,2,0.944444444444444,1.41660667202811,18
55,,1,Pehuajó,3,0.7777777777777779,0.6263814842476839,18
55,,1,pero,4,0.8888888888888891,1.03972077083992,18
55,,1,un,5,1.0,1.7776740307447099,18
55,,1,día,6,0.944444444444444,1.41660667202811,18
55,,1,se,7,1.0,1.7776740307447099,18
55,,1,marchó.,8,0.944444444444444,1.41660667202811,18
56,99,2,Luis,0,0.0,-1.7776740307447099,18
56,99,2,visitó,1,0.0,-1.7776740307447099,18
56,99,2,el,2,0.0,-1.7776740307447099,18
56,99,2,mes,3,0.0,-1.7776740307447099,18
56,99,2,pasado,4,0.555555555555556,0.111571775657105,18
56,99,2,a,5,0.7222222222222221,0.47775572251371795,18
56,99,2,unos,6,0.0,-1.7776740307447099,18
56,99,2,parientes,7,0.0555555555555556,-1.41660667202811,18
56,99,2,de,8,0.166666666666667,-0.8047189562170501,18
56,99,2,Europa.,9,0.0,-1.7776740307447099,18
57,24,0,No,0,0.0555555555555556,-1.41660667202811,18
57,24,0,dejes,1,0.0,-1.7776740307447099,18
57,24,0,para,2,0.666666666666667,0.346573590279973,18
57,24,0,mañana,3,0.833333333333333,0.8047189562170501,18
57,24,0,lo,4,1.0,1.7776740307447099,18
57,24,0,que,5,1.0,1.7776740307447099,18
57,24,0,puedas,6,0.33333333333333304,-0.346573590279973,18
57,24,0,hacer,7,1.0,1.7776740307447099,18
57,24,0,hoy.,8,1.0,1.7776740307447099,18
58,,1,Estaba,0,0.0,-1.7776740307447099,18
58,,1,la,1,0.222222222222222,-0.6263814842476839,18
58,,1,reina,2,0.111111111111111,-1.03972077083992,18
58,,1,batata,3,0.33333333333333304,-0.346573590279973,18
58,,1,sentada,4,0.666666666666667,0.346573590279973,18
58,,1,en,5,0.944444444444444,1.41660667202811,18
58,,1,un,6,0.5,0.0,18
58,,1,plato,7,0.166666666666667,-0.8047189562170501,18
58,,1,de,8,0.7222222222222221,0.47775572251371795,18
58,,1,plata.,9,0.111111111111111,-1.03972077083992,18
59,100,2,Laura,0,0.0,-1.7776740307447099,18
59,100,2,me,1,0.0,-1.7776740307447099,18
59,100,2,recomendó,2,0.0,-1.7776740307447099,18
59,100,2,consultar,3,0.0,-1.7776740307447099,18
59,100,2,urgente,4,0.0,-1.7776740307447099,18
59,100,2,al,5,0.111111111111111,-1.03972077083992,18
59,100,2,médico.,6,0.8888888888888891,1.03972077083992,18
60,25,0,No,0,0.0555555555555556,-1.41660667202811,18
60,25,0,hay,1,0.277777777777778,-0.47775572251371795,18
60,25,0,mal,2,0.277777777777778,-0.47775572251371795,18
60,25,0,que,3,1.0,1.7776740307447099,18
60,25,0,por,4,0.8888888888888891,1.03972077083992,18
60,25,0,bien,5,0.944444444444444,1.41660667202811,18
60,25,0,no,6,1.0,1.7776740307447099,18
60,25,0,venga.,7,0.944444444444444,1.41660667202811,18
61,60,1,No,0,0.0,-1.7776740307447099,18
61,60,1,hagas,1,0.0555555555555556,-1.41660667202811,18
61,60,1,promesas,2,0.0,-1.7776740307447099,18
61,60,1,que,3,0.7777777777777779,0.6263814842476839,18
61,60,1,no,4,1.0,1.7776740307447099,18
61,60,1,puedas,5,0.6111111111111109,0.225992561871529,18
61,60,1,cumplir.,6,0.8888888888888891,1.03972077083992,18
62,,2,Ariel,0,0.0,-1.7776740307447099,18
62,,2,comenzó,1,0.0,-1.7776740307447099,18
62,,2,a,2,0.6111111111111109,0.225992561871529,18
62,,2,trabajar,3,0.111111111111111,-1.03972077083992,18
62,,2,en,4,0.7777777777777779,0.6263814842476839,18
62,,2,el,5,0.0,-1.7776740307447099,18
62,,2,negocio.,6,0.0555555555555556,-1.41660667202811,18
63,,0,No,0,0.0,-1.7776740307447099,18
63,,0,hay,1,0.444444444444444,-0.111571775657105,18
63,,0,mal,2,0.277777777777778,-0.47775572251371795,18
63,,0,que,3,1.0,1.7776740307447099,18
63,,0,dure,4,0.166666666666667,-0.8047189562170501,18
63,,0,cien,5,0.7222222222222221,0.47775572251371795,18
63,,0,años.,6,0.833333333333333,0.8047189562170501,18
64,61,1,Ante,0,0.0,-1.7776740307447099,18
64,61,1,la,1,0.33333333333333304,-0.346573590279973,18
64,61,1,duda,2,0.38888888888888895,-0.225992561871529,18
64,61,1,consulte,3,0.222222222222222,-0.6263814842476839,18
64,61,1,a,4,0.8888888888888891,1.03972077083992,18
64,61,1,su,5,0.7777777777777779,0.6263814842476839,18
64,61,1,médico.,6,0.8888888888888891,1.03972077083992,18
65,,2,No,0,0.111111111111111,-1.03972077083992,18
65,,2,hay,1,0.33333333333333304,-0.346573590279973,18
65,,2,dudas,2,0.0,-1.7776740307447099,18
65,,2,de,3,0.38888888888888895,-0.225992561871529,18
65,,2,que,4,0.666666666666667,0.346573590279973,18
65,,2,la,5,0.222222222222222,-0.6263814842476839,18
65,,2,empresa,6,0.0,-1.7776740307447099,18
65,,2,está,7,0.277777777777778,-0.47775572251371795,18
65,,2,creciendo.,8,0.111111111111111,-1.03972077083992,18
66,62,1,Caminante,0,0.0,-1.7776740307447099,18
66,62,1,no,1,0.7777777777777779,0.6263814842476839,18
66,62,1,hay,2,1.0,1.7776740307447099,18
66,62,1,"camino,",3,0.944444444444444,1.41660667202811,18
66,62,1,se,4,0.944444444444444,1.41660667202811,18
66,62,1,hace,5,0.944444444444444,1.41660667202811,18
66,62,1,camino,6,0.8888888888888891,1.03972077083992,18
66,62,1,al,7,0.944444444444444,1.41660667202811,18
66,62,1,andar.,8,0.944444444444444,1.41660667202811,18
67,26,0,En,0,0.0,-1.7776740307447099,18
67,26,0,el,1,0.111111111111111,-1.03972077083992,18
67,26,0,país,2,0.0555555555555556,-1.41660667202811,18
67,26,0,de,3,0.7222222222222221,0.47775572251371795,18
67,26,0,los,4,0.166666666666667,-0.8047189562170501,18
67,26,0,ciegos,5,0.5,0.0,18
67,26,0,el,6,0.666666666666667,0.346573590279973,18
67,26,0,tuerto,7,0.555555555555556,0.111571775657105,18
67,26,0,es,8,0.944444444444444,1.41660667202811,18
67,26,0,Rey.,9,0.7777777777777779,0.6263814842476839,18
68,101,2,En,0,0.222222222222222,-0.6263814842476839,18
68,101,2,Londres,1,0.0,-1.7776740307447099,18
68,101,2,el,2,0.111111111111111,-1.03972077083992,18
68,101,2,clima,3,0.277777777777778,-0.47775572251371795,18
68,101,2,es,4,1.0,1.7776740307447099,18
68,101,2,muy,5,0.6111111111111109,0.225992561871529,18
68,101,2,húmedo.,6,0.555555555555556,0.111571775657105,18
69,27,0,Al,0,0.111111111111111,-1.03972077083992,18
69,27,0,que,1,0.6111111111111109,0.225992561871529,18
69,27,0,quiere,2,0.0555555555555556,-1.41660667202811,18
69,27,0,celeste,3,0.6111111111111109,0.225992561871529,18
69,27,0,que,4,0.944444444444444,1.41660667202811,18
69,27,0,le,5,0.944444444444444,1.41660667202811,18
69,27,0,cueste.,6,1.0,1.7776740307447099,18
70,63,1,San,0,0.0,-1.7776740307447099,18
70,63,1,Martín,1,0.277777777777778,-0.47775572251371795,18
70,63,1,cruzó,2,0.38888888888888895,-0.225992561871529,18
70,63,1,los,3,1.0,1.7776740307447099,18
70,63,1,Andes,4,0.944444444444444,1.41660667202811,18
70,63,1,a,5,0.5,0.0,18
70,63,1,caballo.,6,0.833333333333333,0.8047189562170501,18
71,102,2,A,0,0.0555555555555556,-1.41660667202811,18
71,102,2,Miguel,1,0.0,-1.7776740307447099,18
71,102,2,le,2,0.6111111111111109,0.225992561871529,18
71,102,2,entregaron,3,0.0,-1.7776740307447099,18
71,102,2,ayer,4,0.0,-1.7776740307447099,18
71,102,2,el,5,0.33333333333333304,-0.346573590279973,18
71,102,2,auto,6,0.222222222222222,-0.6263814842476839,18
71,102,2,nuevo.,7,0.5,0.0,18
72,64,1,A,0,0.222222222222222,-0.6263814842476839,18
72,64,1,Rómulo,1,0.0,-1.7776740307447099,18
72,64,1,y,2,0.444444444444444,-0.111571775657105,18
72,64,1,a,3,0.111111111111111,-1.03972077083992,18
72,64,1,Remo,4,0.8888888888888891,1.03972077083992,18
72,64,1,los,5,0.6111111111111109,0.225992561871529,18
72,64,1,alimentó,6,0.166666666666667,-0.8047189562170501,18
72,64,1,una,7,1.0,1.7776740307447099,18
72,64,1,loba.,8,0.944444444444444,1.41660667202811,18
73,103,2,Elisa,0,0.0,-1.7776740307447099,18
73,103,2,nunca,1,0.0,-1.7776740307447099,18
73,103,2,supo,2,0.111111111111111,-1.03972077083992,18
73,103,2,cómo,3,0.0555555555555556,-1.41660667202811,18
73,103,2,resolver,4,0.0,-1.7776740307447099,18
73,103,2,el,5,0.444444444444444,-0.111571775657105,18
73,103,2,problema.,6,0.8888888888888891,1.03972077083992,18
74,28,0,Sobre,0,0.0,-1.7776740307447099,18
74,28,0,gustos,1,0.166666666666667,-0.8047189562170501,18
74,28,0,no,2,1.0,1.7776740307447099,18
74,28,0,hay,3,1.0,1.7776740307447099,18
74,28,0,nada,4,1.0,1.7776740307447099,18
74,28,0,escrito.,5,0.8888888888888891,1.03972077083992,18
75,,1,Aristóteles,0,0.0,-1.7776740307447099,18
75,,1,era,1,0.33333333333333304,-0.346573590279973,18
75,,1,un,2,0.666666666666667,0.346573590279973,18
75,,1,filósofo,3,0,0,18
75,,1,Griego.,4,0,0,18
76,104,2,Ayer,0,0.0,-1.7776740307447099,18
76,104,2,charlamos,1,0.0555555555555556,-1.41660667202811,18
76,104,2,con,2,0.222222222222222,-0.6263814842476839,18
76,104,2,Laura,3,0.0,-1.7776740307447099,18
76,104,2,sobre,4,0.6111111111111109,0.225992561871529,18
76,104,2,su,5,0.222222222222222,-0.6263814842476839,18
76,104,2,hija.,6,0.0,-1.7776740307447099,18
77,29,0,Dime,0,0.0,-1.7776740307447099,18
77,29,0,con,1,0.666666666666667,0.346573590279973,18
77,29,0,quién,2,1.0,1.7776740307447099,18
77,29,0,andas,3,1.0,1.7776740307447099,18
77,29,0,y,4,1.0,1.7776740307447099,18
77,29,0,te,5,1.0,1.7776740307447099,18
77,29,0,diré,6,1.0,1.7776740307447099,18
77,29,0,quién,7,1.0,1.7776740307447099,18
77,29,0,eres.,8,0.944444444444444,1.41660667202811,18
78,,2,Dicen,0,0.0,-1.7776740307447099,18
78,,2,que,1,0.666666666666667,0.346573590279973,18
78,,2,Pedro,2,0.0,-1.7776740307447099,18
78,,2,está,3,0.111111111111111,-1.03972077083992,18
78,,2,saliendo,4,0.0,-1.7776740307447099,18
78,,2,otra,5,0.0,-1.7776740307447099,18
78,,2,vez,6,0.8888888888888891,1.03972077083992,18
78,,2,con,7,0.7777777777777779,0.6263814842476839,18
78,,2,Lucía.,8,0.0,-1.7776740307447099,18
79,65,1,Ser,0,0.0,-1.7776740307447099,18
79,65,1,o,1,0.555555555555556,0.111571775657105,18
79,65,1,no,2,1.0,1.7776740307447099,18
79,65,1,"ser,",3,1.0,1.7776740307447099,18
79,65,1,ésa,4,0.7222222222222221,0.47775572251371795,18
79,65,1,es,5,1.0,1.7776740307447099,18
79,65,1,la,6,1.0,1.7776740307447099,18
79,65,1,cuestión.,7,0.8888888888888891,1.03972077083992,18
80,,0,El,0,0.0,-1.7776740307447099,18
80,,0,que,1,0.6111111111111109,0.225992561871529,18
80,,0,se,2,0.0,-1.7776740307447099,18
80,,0,va,3,0.111111111111111,-1.03972077083992,18
80,,0,sin,4,0.222222222222222,-0.6263814842476839,18
80,,0,que,5,0.7222222222222221,0.47775572251371795,18
80,,0,lo,6,0.944444444444444,1.41660667202811,18
80,,0,echen,7,0.6111111111111109,0.225992561871529,18
80,,0,vuelve,8,0.8888888888888891,1.03972077083992,18
80,,0,sin,9,0.8888888888888891,1.03972077083992,18
80,,0,que,10,1.0,1.7776740307447099,18
80,,0,lo,11,1.0,1.7776740307447099,18
80,,0,llamen.,12,0.944444444444444,1.41660667202811,18
81,,2,El,0,0.111111111111111,-1.03972077083992,18
81,,2,marido,1,0.0,-1.7776740307447099,18
81,,2,se,2,0.0,-1.7776740307447099,18
81,,2,fue,3,0.444444444444444,-0.111571775657105,18
81,,2,de,4,0.277777777777778,-0.47775572251371795,18
81,,2,la,5,0.33333333333333304,-0.346573590279973,18
81,,2,casa,6,0.944444444444444,1.41660667202811,18
81,,2,porque,7,0.111111111111111,-1.03972077083992,18
81,,2,discutió,8,0.0,-1.7776740307447099,18
81,,2,con,9,0.944444444444444,1.41660667202811,18
81,,2,su,10,0.7777777777777779,0.6263814842476839,18
81,,2,esposa.,11,0.33333333333333304,-0.346573590279973,18
82,66,1,El,0,0.0,-1.7776740307447099,18
82,66,1,que,1,0.666666666666667,0.346573590279973,18
82,66,1,esté,2,0.0,-1.7776740307447099,18
82,66,1,libre,3,0.277777777777778,-0.47775572251371795,18
82,66,1,de,4,0.833333333333333,0.8047189562170501,18
82,66,1,pecado,5,0.5,0.0,18
82,66,1,que,6,0.8888888888888891,1.03972077083992,18
82,66,1,tire,7,0.555555555555556,0.111571775657105,18
82,66,1,la,8,1.0,1.7776740307447099,18
82,66,1,primer,9,0.222222222222222,-0.6263814842476839,18
82,66,1,piedra.,10,0.944444444444444,1.41660667202811,18
83,30,0,No,0,0.0555555555555556,-1.41660667202811,18
83,30,0,está,1,0.0,-1.7776740307447099,18
83,30,0,muerto,2,0.222222222222222,-0.6263814842476839,18
83,30,0,quien,3,0.8888888888888891,1.03972077083992,18
83,30,0,pelea.,4,0.666666666666667,0.346573590279973,18
84,105,2,La,0,0.111111111111111,-1.03972077083992,18
84,105,2,discusión,1,0.0,-1.7776740307447099,18
84,105,2,de,2,0.277777777777778,-0.47775572251371795,18
84,105,2,ayer,3,0.222222222222222,-0.6263814842476839,18
84,105,2,era,4,0.0,-1.7776740307447099,18
84,105,2,inevitable.,5,0.0,-1.7776740307447099,18
85,31,0,Agua,0,0.0,-1.7776740307447099,18
85,31,0,que,1,0.833333333333333,0.8047189562170501,18
85,31,0,no,2,0.6111111111111109,0.225992561871529,18
85,31,0,has,3,0.5,0.0,18
85,31,0,de,4,0.8888888888888891,1.03972077083992,18
85,31,0,beber,5,0.833333333333333,0.8047189562170501,18
85,31,0,déjala,6,0.7222222222222221,0.47775572251371795,18
85,31,0,correr.,7,0.833333333333333,0.8047189562170501,18
86,67,1,El,0,0.111111111111111,-1.03972077083992,18
86,67,1,mate,1,0.0,-1.7776740307447099,18
86,67,1,es,2,0.6111111111111109,0.225992561871529,18
86,67,1,originario,3,0.0555555555555556,-1.41660667202811,18
86,67,1,de,4,1.0,1.7776740307447099,18
86,67,1,la,5,0.0555555555555556,-1.41660667202811,18
86,67,1,Argentina.,6,0.33333333333333304,-0.346573590279973,18
87,106,2,Daniel,0,0.0,-1.7776740307447099,18
87,106,2,preparó,1,0.0,-1.7776740307447099,18
87,106,2,café,2,0.0,-1.7776740307447099,18
87,106,2,para,3,0.6111111111111109,0.225992561871529,18
87,106,2,sus,4,0.38888888888888895,-0.225992561871529,18
87,106,2,amigos.,5,0.7222222222222221,0.47775572251371795,18
88,32,0,Haz,0,0.0,-1.7776740307447099,18
88,32,0,lo,1,0.222222222222222,-0.6263814842476839,18
88,32,0,que,2,0.666666666666667,0.346573590279973,18
88,32,0,yo,3,0.166666666666667,-0.8047189562170501,18
88,32,0,digo,4,0.555555555555556,0.111571775657105,18
88,32,0,mas,5,0.0555555555555556,-1.41660667202811,18
88,32,0,no,6,0.8888888888888891,1.03972077083992,18
88,32,0,lo,7,0.833333333333333,0.8047189562170501,18
88,32,0,que,8,0.944444444444444,1.41660667202811,18
88,32,0,yo,9,0.8888888888888891,1.03972077083992,18
88,32,0,hago.,10,0.8888888888888891,1.03972077083992,18
89,,2,Leandro,0,0.0,-1.7776740307447099,18
89,,2,no,1,0.0,-1.7776740307447099,18
89,,2,aprobó,2,0.0,-1.7776740307447099,18
89,,2,el,3,0.666666666666667,0.346573590279973,18
89,,2,examen,4,0.7222222222222221,0.47775572251371795,18
89,,2,de,5,0.8888888888888891,1.03972077083992,18
89,,2,Física.,6,0.0,-1.7776740307447099,18
90,68,1,Ganarás,0,0.0,-1.7776740307447099,18
90,68,1,el,1,0.166666666666667,-0.8047189562170501,18
90,68,1,pan,2,0.277777777777778,-0.47775572251371795,18
90,68,1,con,3,0.5,0.0,18
90,68,1,el,4,0.7222222222222221,0.47775572251371795,18
90,68,1,sudor,5,0.833333333333333,0.8047189562170501,18
90,68,1,de,6,1.0,1.7776740307447099,18
90,68,1,tu,7,0.944444444444444,1.41660667202811,18
90,68,1,frente.,8,1.0,1.7776740307447099,18
91,33,0,Cuentas,0,0.0,-1.7776740307447099,18
91,33,0,claras,1,0.6111111111111109,0.225992561871529,18
91,33,0,conservan,2,0.7777777777777779,0.6263814842476839,18
91,33,0,la,3,0.7777777777777779,0.6263814842476839,18
91,33,0,amistad.,4,0.944444444444444,1.41660667202811,18
92,34,0,Hablando,0,0.0,-1.7776740307447099,18
92,34,0,de,1,0.6111111111111109,0.225992561871529,18
92,34,0,Roma,2,0.555555555555556,0.111571775657105,18
92,34,0,el,3,0.555555555555556,0.111571775657105,18
92,34,0,burro,4,0.5,0.0,18
92,34,0,se,5,0.8888888888888891,1.03972077083992,18
92,34,0,asoma.,6,0.833333333333333,0.8047189562170501,18
93,107,2,No,0,0.111111111111111,-1.03972077083992,18
93,107,2,fueron,1,0.0,-1.7776740307447099,18
93,107,2,claras,2,0.0,-1.7776740307447099,18
93,107,2,las,3,0.8888888888888891,1.03972077083992,18
93,107,2,cuentas,4,0.222222222222222,-0.6263814842476839,18
93,107,2,de,5,0.38888888888888895,-0.225992561871529,18
93,107,2,la,6,0.444444444444444,-0.111571775657105,18
93,107,2,empresa.,7,0.166666666666667,-0.8047189562170501,18
94,,0,Dos,0,0.0,-1.7776740307447099,18
94,,0,son,1,0.277777777777778,-0.47775572251371795,18
94,,0,compañía,2,0.0,-1.7776740307447099,18
94,,0,tres,3,0.7222222222222221,0.47775572251371795,18
94,,0,son,4,1.0,1.7776740307447099,18
94,,0,multitud.,5,0.8888888888888891,1.03972077083992,18
95,35,0,Mejor,0,0.0,-1.7776740307447099,18
95,35,0,solo,1,0.0555555555555556,-1.41660667202811,18
95,35,0,que,2,0.833333333333333,0.8047189562170501,18
95,35,0,mal,3,1.0,1.7776740307447099,18
95,35,0,acompañado.,4,0.8888888888888891,1.03972077083992,18
96,108,2,Los,0,0.0555555555555556,-1.41660667202811,18
96,108,2,amigos,1,0.0,-1.7776740307447099,18
96,108,2,lo,2,0.0,-1.7776740307447099,18
96,108,2,acompañaron,3,0.0555555555555556,-1.41660667202811,18
96,108,2,en,4,0.111111111111111,-1.03972077083992,18
96,108,2,ese,5,0.0,-1.7776740307447099,18
96,108,2,momento.,6,0.33333333333333304,-0.346573590279973,18
97,36,0,El,0,0.0,-1.7776740307447099,18
97,36,0,diablo,1,0.0,-1.7776740307447099,18
97,36,0,sabe,2,0.555555555555556,0.111571775657105,18
97,36,0,más,3,0.5,0.0,18
97,36,0,por,4,0.833333333333333,0.8047189562170501,18
97,36,0,viejo,5,0.6111111111111109,0.225992561871529,18
97,36,0,que,6,0.944444444444444,1.41660667202811,18
97,36,0,por,7,0.8888888888888891,1.03972077083992,18
97,36,0,diablo.,8,0.7777777777777779,0.6263814842476839,18
98,69,1,Lucifer,0,0.0,-1.7776740307447099,18
98,69,1,es,1,1.0,1.7776740307447099,18
98,69,1,uno,2,0.0,-1.7776740307447099,18
98,69,1,de,3,0.944444444444444,1.41660667202811,18
98,69,1,los,4,1.0,1.7776740307447099,18
98,69,1,nombres,5,0.111111111111111,-1.03972077083992,18
98,69,1,del,6,0.7222222222222221,0.47775572251371795,18
98,69,1,diablo.,7,0.7777777777777779,0.6263814842476839,18
99,37,0,El,0,0.0555555555555556,-1.41660667202811,18
99,37,0,que,1,0.7777777777777779,0.6263814842476839,18
99,37,0,a,2,0.0555555555555556,-1.41660667202811,18
99,37,0,hierro,3,0.222222222222222,-0.6263814842476839,18
99,37,0,mata,4,0.444444444444444,-0.111571775657105,18
99,37,0,a,5,0.833333333333333,0.8047189562170501,18
99,37,0,hierro,6,0.833333333333333,0.8047189562170501,18
99,37,0,muere.,7,1.0,1.7776740307447099,18
100,70,1,La,0,0.166666666666667,-0.8047189562170501,18
100,70,1,Pampa,1,0.0,-1.7776740307447099,18
100,70,1,tiene,2,0.38888888888888895,-0.225992561871529,18
100,70,1,el,3,0.666666666666667,0.346573590279973,18
100,70,1,ombú,4,0.7222222222222221,0.47775572251371795,18
100,70,1,y,5,0.5,0.0,18
100,70,1,los,6,0.0,-1.7776740307447099,18
100,70,1,Andes,7,0.0555555555555556,-1.41660667202811,18
100,70,1,la,8,0.277777777777778,-0.47775572251371795,18
100,70,1,cordillera.,9,0.33333333333333304,-0.346573590279973,18
101,,2,El,0,0.0,-1.7776740307447099,18
101,,2,artesano,1,0.0,-1.7776740307447099,18
101,,2,hizo,2,0.0555555555555556,-1.41660667202811,18
101,,2,una,3,0.5,0.0,18
101,,2,flecha,4,0.0,-1.7776740307447099,18
101,,2,con,5,0.222222222222222,-0.6263814842476839,18
101,,2,punta,6,0.0,-1.7776740307447099,18
101,,2,de,7,0.7777777777777779,0.6263814842476839,18
101,,2,hierro.,8,0.111111111111111,-1.03972077083992,18
102,,0,Me,0,0.0,-1.7776740307447099,18
102,,0,extraña,1,0.0,-1.7776740307447099,18
102,,0,dijo,2,0.0555555555555556,-1.41660667202811,18
102,,0,la,3,0.7222222222222221,0.47775572251371795,18
102,,0,"araña,",4,0.7777777777777779,0.6263814842476839,18
102,,0,que,5,0.7222222222222221,0.47775572251371795,18
102,,0,siendo,6,0.666666666666667,0.346573590279973,18
102,,0,mosca,7,0.666666666666667,0.346573590279973,18
102,,0,no,8,0.8888888888888891,1.03972077083992,18
102,,0,me,9,0.7777777777777779,0.6263814842476839,18
102,,0,conozcas.,10,0.444444444444444,-0.111571775657105,18
103,71,1,A,0,0.111111111111111,-1.03972077083992,18
103,71,1,Pinocho,1,0.0,-1.7776740307447099,18
103,71,1,le,2,0.7222222222222221,0.47775572251371795,18
103,71,1,crecía,3,0.111111111111111,-1.03972077083992,18
103,71,1,la,4,1.0,1.7776740307447099,18
103,71,1,nariz,5,1.0,1.7776740307447099,18
103,71,1,cada,6,0.166666666666667,-0.8047189562170501,18
103,71,1,vez,7,1.0,1.7776740307447099,18
103,71,1,que,8,0.944444444444444,1.41660667202811,18
103,71,1,mentía.,9,0.944444444444444,1.41660667202811,18
104,109,2,La,0,0.166666666666667,-0.8047189562170501,18
104,109,2,picadura,1,0.0,-1.7776740307447099,18
104,109,2,de,2,0.833333333333333,0.8047189562170501,18
104,109,2,ciertas,3,0.0,-1.7776740307447099,18
104,109,2,arañas,4,0.33333333333333304,-0.346573590279973,18
104,109,2,puede,5,0.166666666666667,-0.8047189562170501,18
104,109,2,ser,6,0.444444444444444,-0.111571775657105,18
104,109,2,mortal.,7,0.7777777777777779,0.6263814842476839,18
105,38,0,Tanto,0,0.0,-1.7776740307447099,18
105,38,0,va,1,0.5,0.0,18
105,38,0,el,2,0.666666666666667,0.346573590279973,18
105,38,0,cántaro,3,0.6111111111111109,0.225992561871529,18
105,38,0,a,4,0.6111111111111109,0.225992561871529,18
105,38,0,la,5,0.7222222222222221,0.47775572251371795,18
105,38,0,"fuente,",6,0.666666666666667,0.346573590279973,18
105,38,0,que,7,0.8888888888888891,1.03972077083992,18
105,38,0,al,8,0.5,0.0,18
105,38,0,final,9,0.666666666666667,0.346573590279973,18
105,38,0,se,10,0.7777777777777779,0.6263814842476839,18
105,38,0,rompe.,11,0.666666666666667,0.346573590279973,18
106,72,1,El,0,0.0,-1.7776740307447099,18
106,72,1,Rey,1,0.0,-1.7776740307447099,18
106,72,1,Arturo,2,0.0555555555555556,-1.41660667202811,18
106,72,1,y,3,0.111111111111111,-1.03972077083992,18
106,72,1,los,4,0.277777777777778,-0.47775572251371795,18
106,72,1,caballeros,5,0.833333333333333,0.8047189562170501,18
106,72,1,de,6,1.0,1.7776740307447099,18
106,72,1,la,7,1.0,1.7776740307447099,18
106,72,1,mesa,8,0.944444444444444,1.41660667202811,18
106,72,1,redonda.,9,0.8888888888888891,1.03972077083992,18
107,110,2,Tanto,0,0.0,-1.7776740307447099,18
107,110,2,insistió,1,0.0,-1.7776740307447099,18
107,110,2,con,2,0.0,-1.7776740307447099,18
107,110,2,eso,3,0.111111111111111,-1.03972077083992,18
107,110,2,que,4,0.944444444444444,1.41660667202811,18
107,110,2,al,5,0.6111111111111109,0.225992561871529,18
107,110,2,final,6,0.833333333333333,0.8047189562170501,18
107,110,2,se,7,0.222222222222222,-0.6263814842476839,18
107,110,2,lo,8,0.277777777777778,-0.47775572251371795,18
107,110,2,dieron.,9,0.38888888888888895,-0.225992561871529,18
108,,0,Gato,0,0.0,-1.7776740307447099,18
108,,0,con,1,0.555555555555556,0.111571775657105,18
108,,0,guantes,2,0.277777777777778,-0.47775572251371795,18
108,,0,no,3,0.944444444444444,1.41660667202811,18
108,,0,caza,4,0.6111111111111109,0.225992561871529,18
108,,0,ratones.,5,0.7222222222222221,0.47775572251371795,18
109,73,1,El,0,0.0555555555555556,-1.41660667202811,18
109,73,1,gato,1,0.0,-1.7776740307447099,18
109,73,1,atrapó,2,0.0,-1.7776740307447099,18
109,73,1,muchos,3,0.0,-1.7776740307447099,18
109,73,1,ratones.,4,1.0,1.7776740307447099,18
110,111,2,El,0,0.166666666666667,-0.8047189562170501,18
110,111,2,mago,1,0.0,-1.7776740307447099,18
110,111,2,hizo,2,0.277777777777778,-0.47775572251371795,18
110,111,2,trucos,3,0.0555555555555556,-1.41660667202811,18
110,111,2,con,4,0.166666666666667,-0.8047189562170501,18
110,111,2,cartas.,5,0.166666666666667,-0.8047189562170501,18
111,,0,Los,0,0.111111111111111,-1.03972077083992,18
111,,0,niños,1,0.0,-1.7776740307447099,18
111,,0,y,2,0.0,-1.7776740307447099,18
111,,0,los,3,0.555555555555556,0.111571775657105,18
111,,0,borrachos,4,0.111111111111111,-1.03972077083992,18
111,,0,siempre,5,0.166666666666667,-0.8047189562170501,18
111,,0,dicen,6,0.833333333333333,0.8047189562170501,18
111,,0,la,7,0.833333333333333,0.8047189562170501,18
111,,0,verdad.,8,0.944444444444444,1.41660667202811,18
112,112,2,Los,0,0.111111111111111,-1.03972077083992,18
112,112,2,niños,1,0.111111111111111,-1.03972077083992,18
112,112,2,se,2,0.0,-1.7776740307447099,18
112,112,2,asustaron,3,0.0,-1.7776740307447099,18
112,112,2,cuando,4,0.33333333333333304,-0.346573590279973,18
112,112,2,vieron,5,0.444444444444444,-0.111571775657105,18
112,112,2,a,6,0.166666666666667,-0.8047189562170501,18
112,112,2,los,7,0.0555555555555556,-1.41660667202811,18
112,112,2,leones.,8,0.0555555555555556,-1.41660667202811,18
113,,0,No,0,0.0,-1.7776740307447099,18
113,,0,"molestes,",1,0.0,-1.7776740307447099,18
113,,0,que,2,0.111111111111111,-1.03972077083992,18
113,,0,el,3,0.0,-1.7776740307447099,18
113,,0,horno,4,0.166666666666667,-0.8047189562170501,18
113,,0,no,5,0.944444444444444,1.41660667202811,18
113,,0,está,6,0.944444444444444,1.41660667202811,18
113,,0,para,7,0.944444444444444,1.41660667202811,18
113,,0,bollos.,8,0.833333333333333,0.8047189562170501,18
114,,2,En,0,0.111111111111111,-1.03972077083992,18
114,,2,la,1,0.33333333333333304,-0.346573590279973,18
114,,2,escuela,2,0.0,-1.7776740307447099,18
114,,2,los,3,0.0555555555555556,-1.41660667202811,18
114,,2,alumnos,4,0.111111111111111,-1.03972077083992,18
114,,2,aprenden,5,0.38888888888888895,-0.225992561871529,18
114,,2,a,6,0.555555555555556,0.111571775657105,18
114,,2,compartir.,7,0.0,-1.7776740307447099,18
115,74,1,En,0,0.111111111111111,-1.03972077083992,18
115,74,1,el,1,0.111111111111111,-1.03972077083992,18
115,74,1,horno,2,0.0,-1.7776740307447099,18
115,74,1,de,3,0.0555555555555556,-1.41660667202811,18
115,74,1,la,4,0.277777777777778,-0.47775572251371795,18
115,74,1,panadería,5,0.444444444444444,-0.111571775657105,18
115,74,1,cocinan,6,0.0,-1.7776740307447099,18
115,74,1,el,7,0.222222222222222,-0.6263814842476839,18
115,74,1,pan.,8,1.0,1.7776740307447099,18
116,39,0,Aunque,0,0.0,-1.7776740307447099,18
116,39,0,la,1,0.0555555555555556,-1.41660667202811,18
116,39,0,mona,2,0.0555555555555556,-1.41660667202811,18
116,39,0,se,3,0.8888888888888891,1.03972077083992,18
116,39,0,vista,4,0.833333333333333,0.8047189562170501,18
116,39,0,de,5,0.944444444444444,1.41660667202811,18
116,39,0,"seda,",6,0.7222222222222221,0.47775572251371795,18
116,39,0,mona,7,0.8888888888888891,1.03972077083992,18
116,39,0,queda.,8,0.7777777777777779,0.6263814842476839,18
117,,0,A,0,0.111111111111111,-1.03972077083992,18
117,,0,papá,1,0.0,-1.7776740307447099,18
117,,0,mono,2,0.277777777777778,-0.47775572251371795,18
117,,0,con,3,0.6111111111111109,0.225992561871529,18
117,,0,bananas,4,0.444444444444444,-0.111571775657105,18
117,,0,verdes.,5,0.555555555555556,0.111571775657105,18
118,113,2,A,0,0.166666666666667,-0.8047189562170501,18
118,113,2,Luis,1,0.0,-1.7776740307447099,18
118,113,2,no,2,0.111111111111111,-1.03972077083992,18
118,113,2,lo,3,0.111111111111111,-1.03972077083992,18
118,113,2,engañan,4,0.0555555555555556,-1.41660667202811,18
118,113,2,con,5,0.6111111111111109,0.225992561871529,18
118,113,2,ese,6,0.0,-1.7776740307447099,18
118,113,2,viejo,7,0.0,-1.7776740307447099,18
118,113,2,truco.,8,0.222222222222222,-0.6263814842476839,18
119,,0,Quien,0,0.0,-1.7776740307447099,18
119,,0,con,1,0.0,-1.7776740307447099,18
119,,0,niños,2,0.277777777777778,-0.47775572251371795,18
119,,0,se,3,0.5,0.0,18
119,,0,"acuesta,",4,0.555555555555556,0.111571775657105,18
119,,0,amanece,5,0.6111111111111109,0.225992561871529,18
119,,0,mojado.,6,0.7777777777777779,0.6263814842476839,18
120,75,1,Los,0,0.0555555555555556,-1.41660667202811,18
120,75,1,Reyes,1,0.0,-1.7776740307447099,18
120,75,1,Magos,2,0.38888888888888895,-0.225992561871529,18
120,75,1,dejaron,3,0.0,-1.7776740307447099,18
120,75,1,regalos,4,0.6111111111111109,0.225992561871529,18
120,75,1,para,5,0.38888888888888895,-0.225992561871529,18
120,75,1,los,6,0.6111111111111109,0.225992561871529,18
120,75,1,niños.,7,0.7777777777777779,0.6263814842476839,18
121,114,2,Los,0,0.166666666666667,-0.8047189562170501,18
121,114,2,hijos,1,0.0,-1.7776740307447099,18
121,114,2,de,2,0.944444444444444,1.41660667202811,18
121,114,2,Juan,3,0.0,-1.7776740307447099,18
121,114,2,estudiaron,4,0.0,-1.7776740307447099,18
121,114,2,durante,5,0.0,-1.7776740307447099,18
121,114,2,las,6,0.33333333333333304,-0.346573590279973,18
121,114,2,vacaciones.,7,0.7222222222222221,0.47775572251371795,18
122,40,0,A,0,0.0555555555555556,-1.41660667202811,18
122,40,0,buen,1,0.0555555555555556,-1.41660667202811,18
122,40,0,entendedor,2,0.5,0.0,18
122,40,0,pocas,3,0.6111111111111109,0.225992561871529,18
122,40,0,palabras.,4,0.944444444444444,1.41660667202811,18
123,76,1,Mejor,0,0.0,-1.7776740307447099,18
123,76,1,no,1,0.0555555555555556,-1.41660667202811,18
123,76,1,hablar,2,0.555555555555556,0.111571775657105,18
123,76,1,de,3,0.833333333333333,0.8047189562170501,18
123,76,1,ciertas,4,0.5,0.0,18
123,76,1,cosas.,5,1.0,1.7776740307447099,18
124,,2,A,0,0.111111111111111,-1.03972077083992,18
124,,2,Luis,1,0.0,-1.7776740307447099,18
124,,2,le,2,0.666666666666667,0.346573590279973,18
124,,2,cuesta,3,0.0,-1.7776740307447099,18
124,,2,entender,4,0.111111111111111,-1.03972077083992,18
124,,2,algunas,5,0.0,-1.7776740307447099,18
124,,2,palabras.,6,0.111111111111111,-1.03972077083992,18
125,77,0,La,0,0.0555555555555556,-1.41660667202811,18
125,77,0,casa,1,0.277777777777778,-0.47775572251371795,18
125,77,0,es,2,0.0,-1.7776740307447099,18
125,77,0,chica,3,0.0555555555555556,-1.41660667202811,18
125,77,0,pero,4,0.6111111111111109,0.225992561871529,18
125,77,0,el,5,0.833333333333333,0.8047189562170501,18
125,77,0,corazón,6,0.8888888888888891,1.03972077083992,18
125,77,0,es,7,0.833333333333333,0.8047189562170501,18
125,77,0,grande.,8,1.0,1.7776740307447099,18
126,,1,El,0,0.111111111111111,-1.03972077083992,18
126,,1,corazón,1,0.0555555555555556,-1.41660667202811,18
126,,1,es,2,0.277777777777778,-0.47775572251371795,18
126,,1,un,3,0.38888888888888895,-0.225992561871529,18
126,,1,músculo,4,0.555555555555556,0.111571775657105,18
126,,1,que,5,0.222222222222222,-0.6263814842476839,18
126,,1,bombea,6,0.111111111111111,-1.03972077083992,18
126,,1,sangre.,7,0.7777777777777779,0.6263814842476839,18
127,115,2,El,0,0.0,-1.7776740307447099,18
127,115,2,hermano,1,0.0,-1.7776740307447099,18
127,115,2,de,2,0.8888888888888891,1.03972077083992,18
127,115,2,Martín,3,0.0,-1.7776740307447099,18
127,115,2,es,4,0.666666666666667,0.346573590279973,18
127,115,2,un,5,0.222222222222222,-0.6263814842476839,18
127,115,2,médico,6,0.0,-1.7776740307447099,18
127,115,2,muy,7,0.277777777777778,-0.47775572251371795,18
127,115,2,prestigioso.,8,0.0,-1.7776740307447099,18
128,,0,La,0,0.111111111111111,-1.03972077083992,18
128,,0,ropa,1,0.0,-1.7776740307447099,18
128,,0,sucia,2,0.0555555555555556,-1.41660667202811,18
128,,0,se,3,0.666666666666667,0.346573590279973,18
128,,0,lava,4,0.666666666666667,0.346573590279973,18
128,,0,en,5,0.7222222222222221,0.47775572251371795,18
128,,0,casa.,6,0.6111111111111109,0.225992561871529,18
129,78,1,Si,0,0.0,-1.7776740307447099,18
129,78,1,quieres,1,0.111111111111111,-1.03972077083992,18
129,78,1,resultados,2,0.0,-1.7776740307447099,18
129,78,1,distintos,3,0.0,-1.7776740307447099,18
129,78,1,no,4,0.111111111111111,-1.03972077083992,18
129,78,1,hagas,5,0.33333333333333304,-0.346573590279973,18
129,78,1,siempre,6,0.166666666666667,-0.8047189562170501,18
129,78,1,lo,7,0.944444444444444,1.41660667202811,18
129,78,1,mismo.,8,1.0,1.7776740307447099,18
130,,2,Las,0,0.0,-1.7776740307447099,18
130,,2,hijas,1,0.0,-1.7776740307447099,18
130,,2,de,2,0.944444444444444,1.41660667202811,18
130,,2,Pedro,3,0.0555555555555556,-1.41660667202811,18
130,,2,estudiaban,4,0.0,-1.7776740307447099,18
130,,2,Ingeniería,5,0.0,-1.7776740307447099,18
130,,2,Química,6,0.111111111111111,-1.03972077083992,18
130,,2,e,7,0.0,-1.7776740307447099,18
130,,2,Industrial.,8,0.277777777777778,-0.47775572251371795,18
131,41,0,El,0,0.0555555555555556,-1.41660667202811,18
131,41,0,que,1,0.5,0.0,18
131,41,0,ríe,2,0.0,-1.7776740307447099,18
131,41,0,último,3,0.7777777777777779,0.6263814842476839,18
131,41,0,ríe,4,1.0,1.7776740307447099,18
131,41,0,mejor.,5,1.0,1.7776740307447099,18
132,,0,Cada,0,0.0,-1.7776740307447099,18
132,,0,loco,1,0.0,-1.7776740307447099,18
132,,0,con,2,1.0,1.7776740307447099,18
132,,0,su,3,0.944444444444444,1.41660667202811,18
132,,0,tema.,4,1.0,1.7776740307447099,18
133,,2,Marcela,0,0.0,-1.7776740307447099,18
133,,2,siempre,1,0.0555555555555556,-1.41660667202811,18
133,,2,ríe,2,0.0,-1.7776740307447099,18
133,,2,y,3,0.0555555555555556,-1.41660667202811,18
133,,2,está,4,0.166666666666667,-0.8047189562170501,18
133,,2,de,5,0.222222222222222,-0.6263814842476839,18
133,,2,buen,6,0.7777777777777779,0.6263814842476839,18
133,,2,humor.,7,1.0,1.7776740307447099,18
134,,0,Si,0,0.0555555555555556,-1.41660667202811,18
134,,0,Mahoma,1,0.0,-1.7776740307447099,18
134,,0,no,2,0.8888888888888891,1.03972077083992,18
134,,0,va,3,0.833333333333333,0.8047189562170501,18
134,,0,a,4,1.0,1.7776740307447099,18
134,,0,la,5,0.944444444444444,1.41660667202811,18
134,,0,"montaña,",6,0.944444444444444,1.41660667202811,18
134,,0,la,7,0.8888888888888891,1.03972077083992,18
134,,0,montaña,8,0.944444444444444,1.41660667202811,18
134,,0,va,9,0.833333333333333,0.8047189562170501,18
134,,0,a,10,1.0,1.7776740307447099,18
134,,0,Mahoma.,11,1.0,1.7776740307447099,18
135,,1,Mambrú,0,0.0,-1.7776740307447099,18
135,,1,se,1,0.8888888888888891,1.03972077083992,18
135,,1,fue,2,0.944444444444444,1.41660667202811,18
135,,1,a,3,1.0,1.7776740307447099,18
135,,1,la,4,1.0,1.7776740307447099,18
135,,1,guerra,5,0.8888888888888891,1.03972077083992,18
135,,1,y,6,0.444444444444444,-0.111571775657105,18
135,,1,no,7,0.7222222222222221,0.47775572251371795,18
135,,1,sé,8,0,0,18
135,,1,cuando,9,0,0,18
135,,1,vendrá.,10,0,0,18
136,116,2,Este,0,0.0,-1.7776740307447099,18
136,116,2,año,1,0.111111111111111,-1.03972077083992,18
136,116,2,iremos,2,0.0,-1.7776740307447099,18
136,116,2,de,3,0.277777777777778,-0.47775572251371795,18
136,116,2,vacaciones,4,0.555555555555556,0.111571775657105,18
136,116,2,a,5,0.944444444444444,1.41660667202811,18
136,116,2,la,6,0.555555555555556,0.111571775657105,18
136,116,2,montaña.,7,0.111111111111111,-1.03972077083992,18
137,42,0,Es,0,0.0,-1.7776740307447099,18
137,42,0,mejor,1,0.33333333333333304,-0.346573590279973,18
137,42,0,prevenir,2,0.0555555555555556,-1.41660667202811,18
137,42,0,que,3,1.0,1.7776740307447099,18
137,42,0,curar.,4,0.944444444444444,1.41660667202811,18
138,79,1,Lo,0,0.111111111111111,-1.03972077083992,18
138,79,1,esencial,1,0.0,-1.7776740307447099,18
138,79,1,es,2,0.7777777777777779,0.6263814842476839,18
138,79,1,invisible,3,0.6111111111111109,0.225992561871529,18
138,79,1,a,4,0.944444444444444,1.41660667202811,18
138,79,1,los,5,0.944444444444444,1.41660667202811,18
138,79,1,ojos.,6,1.0,1.7776740307447099,18
139,117,2,La,0,0.166666666666667,-0.8047189562170501,18
139,117,2,madre,1,0.0,-1.7776740307447099,18
139,117,2,de,2,0.8888888888888891,1.03972077083992,18
139,117,2,Mariela,3,0.0,-1.7776740307447099,18
139,117,2,es,4,0.7222222222222221,0.47775572251371795,18
139,117,2,una,5,0.222222222222222,-0.6263814842476839,18
139,117,2,muy,6,0.0,-1.7776740307447099,18
139,117,2,buena,7,0.8888888888888891,1.03972077083992,18
139,117,2,repostera.,8,0.0,-1.7776740307447099,18
140,,0,De,0,0.111111111111111,-1.03972077083992,18
140,,0,noche,1,0.0,-1.7776740307447099,18
140,,0,todos,2,0.222222222222222,-0.6263814842476839,18
140,,0,los,3,0.7222222222222221,0.47775572251371795,18
140,,0,gatos,4,0.7222222222222221,0.47775572251371795,18
140,,0,son,5,0.7777777777777779,0.6263814842476839,18
140,,0,negros.,6,0.0,-1.7776740307447099,18
141,118,2,Durante,0,0.0,-1.7776740307447099,18
141,118,2,la,1,0.666666666666667,0.346573590279973,18
141,118,2,noche,2,0.277777777777778,-0.47775572251371795,18
141,118,2,algunos,3,0.0,-1.7776740307447099,18
141,118,2,felinos,4,0.0,-1.7776740307447099,18
141,118,2,salen,5,0.33333333333333304,-0.346573590279973,18
141,118,2,a,6,0.7222222222222221,0.47775572251371795,18
141,118,2,cazar.,7,0.7222222222222221,0.47775572251371795,18
142,80,1,El,0,0.0555555555555556,-1.41660667202811,18
142,80,1,arco,1,0.0,-1.7776740307447099,18
142,80,1,iris,2,0.0,-1.7776740307447099,18
142,80,1,se,3,0.0,-1.7776740307447099,18
142,80,1,forma,4,0.222222222222222,-0.6263814842476839,18
142,80,1,luego,5,0.0555555555555556,-1.41660667202811,18
142,80,1,de,6,1.0,1.7776740307447099,18
142,80,1,la,7,0.666666666666667,0.346573590279973,18
142,80,1,lluvia.,8,0.944444444444444,1.41660667202811,18
143,,0,Lo,0,0.166666666666667,-0.8047189562170501,18
143,,0,que,1,0.555555555555556,0.111571775657105,18
143,,0,no,2,0.222222222222222,-0.6263814842476839,18
143,,0,me,3,0.0555555555555556,-1.41660667202811,18
143,,0,"mata,",4,0.38888888888888895,-0.225992561871529,18
143,,0,me,5,1.0,1.7776740307447099,18
143,,0,hace,6,0.833333333333333,0.8047189562170501,18
143,,0,más,7,0.8888888888888891,1.03972077083992,18
143,,0,fuerte.,8,0.8888888888888891,1.03972077083992,18
144,81,1,No,0,0.0,-1.7776740307447099,18
144,81,1,te,1,0.0,-1.7776740307447099,18
144,81,1,des,2,0.0,-1.7776740307447099,18
144,81,1,por,3,0.7222222222222221,0.47775572251371795,18
144,81,1,vencido,4,0.944444444444444,1.41660667202811,18
144,81,1,ni,5,0.7222222222222221,0.47775572251371795,18
144,81,1,aún,6,0.833333333333333,0.8047189562170501,18
144,81,1,vencido.,7,0.8888888888888891,1.03972077083992,18
145,,2,El,0,0.111111111111111,-1.03972077083992,18
145,,2,remedio,1,0.0,-1.7776740307447099,18
145,,2,casero,2,0.0,-1.7776740307447099,18
145,,2,le,3,0.0,-1.7776740307447099,18
145,,2,hizo,4,0.166666666666667,-0.8047189562170501,18
145,,2,mal,5,0.277777777777778,-0.47775572251371795,18
145,,2,y,6,0.111111111111111,-1.03972077083992,18
145,,2,casi,7,0.0,-1.7776740307447099,18
145,,2,lo,8,0.5,0.0,18
145,,2,mata.,9,0.7777777777777779,0.6263814842476839,18
146,82,1,Hasta,0,0.0,-1.7776740307447099,18
146,82,1,aquí,1,0.0,-1.7776740307447099,18
146,82,1,llegó,2,0.277777777777778,-0.47775572251371795,18
146,82,1,mi,3,0.555555555555556,0.111571775657105,18
146,82,1,amor.,4,0.444444444444444,-0.111571775657105,18
147,43,0,No,0,0.0,-1.7776740307447099,18
147,43,0,todo,1,0.0,-1.7776740307447099,18
147,43,0,lo,2,0.7222222222222221,0.47775572251371795,18
147,43,0,que,3,0.944444444444444,1.41660667202811,18
147,43,0,brilla,4,0.666666666666667,0.346573590279973,18
147,43,0,es,5,1.0,1.7776740307447099,18
147,43,0,oro.,6,0.944444444444444,1.41660667202811,18
148,119,2,El,0,0.0,-1.7776740307447099,18
148,119,2,oro,1,0.0,-1.7776740307447099,18
148,119,2,es,2,0.6111111111111109,0.225992561871529,18
148,119,2,un,3,0.555555555555556,0.111571775657105,18
148,119,2,metal,4,0.6111111111111109,0.225992561871529,18
148,119,2,muy,5,0.111111111111111,-1.03972077083992,18
148,119,2,codiciado.,6,0.0555555555555556,-1.41660667202811,18
149,83,1,El,0,0.166666666666667,-0.8047189562170501,18
149,83,1,fumar,1,0.0,-1.7776740307447099,18
149,83,1,es,2,0.944444444444444,1.41660667202811,18
149,83,1,perjudicial,3,0.8888888888888891,1.03972077083992,18
149,83,1,para,4,0.8888888888888891,1.03972077083992,18
149,83,1,la,5,1.0,1.7776740307447099,18
149,83,1,salud.,6,1.0,1.7776740307447099,18
150,,0,Unos,0,0.0,-1.7776740307447099,18
150,,0,nacen,1,0.0,-1.7776740307447099,18
150,,0,con,2,0.555555555555556,0.111571775657105,18
150,,0,estrellas,3,0.0555555555555556,-1.41660667202811,18
150,,0,y,4,0.8888888888888891,1.03972077083992,18
150,,0,otros,5,1.0,1.7776740307447099,18
150,,0,nacen,6,0.7222222222222221,0.47775572251371795,18
150,,0,estrellados.,7,0.7777777777777779,0.6263814842476839,18
151,120,2,Algunos,0,0.0,-1.7776740307447099,18
151,120,2,días,1,0.0,-1.7776740307447099,18
151,120,2,el,2,0.0,-1.7776740307447099,18
151,120,2,cielo,3,0.0,-1.7776740307447099,18
151,120,2,está,4,0.277777777777778,-0.47775572251371795,18
151,120,2,todo,5,0.0,-1.7776740307447099,18
151,120,2,estrellado.,6,0.0,-1.7776740307447099,18
152,,0,Cuatro,0,0.0,-1.7776740307447099,18
152,,0,ojos,1,0.0555555555555556,-1.41660667202811,18
152,,0,ven,2,0.833333333333333,0.8047189562170501,18
152,,0,más,3,0.7222222222222221,0.47775572251371795,18
152,,0,que,4,1.0,1.7776740307447099,18
152,,0,dos.,5,1.0,1.7776740307447099,18
153,84,1,Quién,0,0.0,-1.7776740307447099,18
153,84,1,se,1,0.0,-1.7776740307447099,18
153,84,1,ha,2,0.0555555555555556,-1.41660667202811,18
153,84,1,tomado,3,0.277777777777778,-0.47775572251371795,18
153,84,1,todo,4,0.8888888888888891,1.03972077083992,18
153,84,1,el,5,0.944444444444444,1.41660667202811,18
153,84,1,vino.,6,1.0,1.7776740307447099,18
154,121,2,Juan,0,0.0,-1.7776740307447099,18
154,121,2,tiene,1,0.0555555555555556,-1.41660667202811,18
154,121,2,muy,2,0.0,-1.7776740307447099,18
154,121,2,poca,3,0.0,-1.7776740307447099,18
154,121,2,visión,4,0.0,-1.7776740307447099,18
154,121,2,en,5,0.0,-1.7776740307447099,18
154,121,2,ambos,6,0.0,-1.7776740307447099,18
154,121,2,ojos.,7,0.833333333333333,0.8047189562170501,18
155,44,0,El,0,0.0,-1.7776740307447099,18
155,44,0,ojo,1,0.0555555555555556,-1.41660667202811,18
155,44,0,del,2,0.0555555555555556,-1.41660667202811,18
155,44,0,amo,3,0.0555555555555556,-1.41660667202811,18
155,44,0,engorda,4,0.33333333333333304,-0.346573590279973,18
155,44,0,el,5,0.33333333333333304,-0.346573590279973,18
155,44,0,ganado.,6,0.5,0.0,18
156,85,1,En,0,0.0555555555555556,-1.41660667202811,18
156,85,1,el,1,0.111111111111111,-1.03972077083992,18
156,85,1,tambo,2,0.0,-1.7776740307447099,18
156,85,1,ordeñan,3,0.0,-1.7776740307447099,18
156,85,1,a,4,0.33333333333333304,-0.346573590279973,18
156,85,1,las,5,1.0,1.7776740307447099,18
156,85,1,vacas.,6,1.0,1.7776740307447099,18
157,122,2,El,0,0.0,-1.7776740307447099,18
157,122,2,patrón,1,0.0,-1.7776740307447099,18
157,122,2,le,2,0.0,-1.7776740307447099,18
157,122,2,ordenó,3,0.111111111111111,-1.03972077083992,18
157,122,2,a,4,0.277777777777778,-0.47775572251371795,18
157,122,2,la,5,0.0,-1.7776740307447099,18
157,122,2,criada,6,0.0,-1.7776740307447099,18
157,122,2,callarse.,7,0.0,-1.7776740307447099,18
158,,0,No,0,0.0555555555555556,-1.41660667202811,18
158,,0,se,1,0.111111111111111,-1.03972077083992,18
158,,0,debe,2,0.111111111111111,-1.03972077083992,18
158,,0,escupir,3,0.0,-1.7776740307447099,18
158,,0,al,4,0.111111111111111,-1.03972077083992,18
158,,0,cielo.,5,0.444444444444444,-0.111571775657105,18
159,123,2,Él,0,0.0,-1.7776740307447099,18
159,123,2,se,1,0.0555555555555556,-1.41660667202811,18
159,123,2,encontró,2,0.0,-1.7776740307447099,18
159,123,2,con,3,0.833333333333333,0.8047189562170501,18
159,123,2,María,4,0.0,-1.7776740307447099,18
159,123,2,el,5,0.0,-1.7776740307447099,18
159,123,2,otro,6,0.0,-1.7776740307447099,18
159,123,2,día.,7,0.944444444444444,1.41660667202811,18
160,86,1,No,0,0.0555555555555556,-1.41660667202811,18
160,86,1,desearás,1,0.0,-1.7776740307447099,18
160,86,1,a,2,0.555555555555556,0.111571775657105,18
160,86,1,la,3,0.7777777777777779,0.6263814842476839,18
160,86,1,mujer,4,0.8888888888888891,1.03972077083992,18
160,86,1,de,5,0.944444444444444,1.41660667202811,18
160,86,1,tu,6,0.833333333333333,0.8047189562170501,18
160,86,1,prójimo.,7,0.944444444444444,1.41660667202811,18
161,45,0,En,0,0.222222222222222,-0.6263814842476839,18
161,45,0,todas,1,0.0,-1.7776740307447099,18
161,45,0,partes,2,0.111111111111111,-1.03972077083992,18
161,45,0,se,3,0.6111111111111109,0.225992561871529,18
161,45,0,cuecen,4,0.38888888888888895,-0.225992561871529,18
161,45,0,habas.,5,0.666666666666667,0.346573590279973,18
162,124,2,En,0,0.111111111111111,-1.03972077083992,18
162,124,2,su,1,0.0,-1.7776740307447099,18
162,124,2,casa,2,0.833333333333333,0.8047189562170501,18
162,124,2,siempre,3,0.0,-1.7776740307447099,18
162,124,2,hacen,4,0.0,-1.7776740307447099,18
162,124,2,comidas,5,0.0,-1.7776740307447099,18
162,124,2,muy,6,0.33333333333333304,-0.346573590279973,18
162,124,2,elaboradas.,7,0.0555555555555556,-1.41660667202811,18
163,,1,El,0,0.0555555555555556,-1.41660667202811,18
163,,1,capitán,1,0.0,-1.7776740307447099,18
163,,1,Garfio,2,0.111111111111111,-1.03972077083992,18
163,,1,luchaba,3,0.0,-1.7776740307447099,18
163,,1,contra,4,0.833333333333333,0.8047189562170501,18
163,,1,Peter,5,0.8888888888888891,1.03972077083992,18
163,,1,Pan.,6,1.0,1.7776740307447099,18
164,,0,Donde,0,0.0,-1.7776740307447099,18
164,,0,menos,1,0.0,-1.7776740307447099,18
164,,0,se,2,0.444444444444444,-0.111571775657105,18
164,,0,"piensa,",3,0.0,-1.7776740307447099,18
164,,0,salta,4,0.0555555555555556,-1.41660667202811,18
164,,0,la,5,0.7222222222222221,0.47775572251371795,18
164,,0,liebre.,6,0.111111111111111,-1.03972077083992,18
165,,2,Donde,0,0.0,-1.7776740307447099,18
165,,2,pasa,1,0.0,-1.7776740307447099,18
165,,2,"Luis,",2,0.0,-1.7776740307447099,18
165,,2,no,3,0.33333333333333304,-0.346573590279973,18
165,,2,queda,4,0.111111111111111,-1.03972077083992,18
165,,2,nada.,5,0.555555555555556,0.111571775657105,18
166,46,0,Donde,0,0.111111111111111,-1.03972077083992,18
166,46,0,manda,1,0.0,-1.7776740307447099,18
166,46,0,capitán,2,0.7222222222222221,0.47775572251371795,18
166,46,0,no,3,0.944444444444444,1.41660667202811,18
166,46,0,manda,4,0.8888888888888891,1.03972077083992,18
166,46,0,marinero.,5,1.0,1.7776740307447099,18
167,47,0,Mal,0,0.0,-1.7776740307447099,18
167,47,0,de,1,0.111111111111111,-1.03972077083992,18
167,47,0,muchos,2,0.5,0.0,18
167,47,0,consuelo,3,0.6111111111111109,0.225992561871529,18
167,47,0,de,4,0.8888888888888891,1.03972077083992,18
167,47,0,tontos.,5,0.666666666666667,0.346573590279973,18
168,87,1,Las,0,0.0,-1.7776740307447099,18
168,87,1,cosas,1,0.111111111111111,-1.03972077083992,18
168,87,1,se,2,0.0,-1.7776740307447099,18
168,87,1,hacen,3,0.33333333333333304,-0.346573590279973,18
168,87,1,bien,4,0.222222222222222,-0.6263814842476839,18
168,87,1,o,5,0.666666666666667,0.346573590279973,18
168,87,1,no,6,0.6111111111111109,0.225992561871529,18
168,87,1,se,7,1.0,1.7776740307447099,18
168,87,1,hacen.,8,1.0,1.7776740307447099,18
169,,2,Muchos,0,0.0,-1.7776740307447099,18
169,,2,tontos,1,0.0,-1.7776740307447099,18
169,,2,creen,2,0.222222222222222,-0.6263814842476839,18
169,,2,que,3,0.7777777777777779,0.6263814842476839,18
169,,2,todo,4,0.0,-1.7776740307447099,18
169,,2,es,5,0.666666666666667,0.346573590279973,18
169,,2,cuestión,6,0.0555555555555556,-1.41660667202811,18
169,,2,de,7,1.0,1.7776740307447099,18
169,,2,suerte.,8,0.0555555555555556,-1.41660667202811,18
170,48,0,Cría,0,0.0,-1.7776740307447099,18
170,48,0,cuervos,1,0.555555555555556,0.111571775657105,18
170,48,0,y,2,0.944444444444444,1.41660667202811,18
170,48,0,te,3,0.833333333333333,0.8047189562170501,18
170,48,0,sacarán,4,0.555555555555556,0.111571775657105,18
170,48,0,los,5,0.944444444444444,1.41660667202811,18
170,48,0,ojos.,6,0.944444444444444,1.41660667202811,18
171,88,1,Los,0,0.166666666666667,-0.8047189562170501,18
171,88,1,ateos,1,0.0,-1.7776740307447099,18
171,88,1,no,2,0.666666666666667,0.346573590279973,18
171,88,1,creen,3,1.0,1.7776740307447099,18
171,88,1,en,4,1.0,1.7776740307447099,18
171,88,1,Dios.,5,0.944444444444444,1.41660667202811,18
172,125,2,Los,0,0.166666666666667,-0.8047189562170501,18
172,125,2,loros,1,0.0,-1.7776740307447099,18
172,125,2,comieron,2,0.0,-1.7776740307447099,18
172,125,2,la,3,0.0555555555555556,-1.41660667202811,18
172,125,2,plantación,4,0.0,-1.7776740307447099,18
172,125,2,de,5,1.0,1.7776740307447099,18
172,125,2,maíz.,6,0.444444444444444,-0.111571775657105,18
173,,0,Hoy,0,0.0,-1.7776740307447099,18
173,,0,por,1,0.0,-1.7776740307447099,18
173,,0,"mí,",2,0.0,-1.7776740307447099,18
173,,0,mañana,3,0.833333333333333,0.8047189562170501,18
173,,0,por,4,1.0,1.7776740307447099,18
173,,0,ti.,5,0.7777777777777779,0.6263814842476839,18
174,89,1,Hoy,0,0.0,-1.7776740307447099,18
174,89,1,es,1,0.166666666666667,-0.8047189562170501,18
174,89,1,noche,2,0.0,-1.7776740307447099,18
174,89,1,buena,3,0.111111111111111,-1.03972077083992,18
174,89,1,y,4,0.7777777777777779,0.6263814842476839,18
174,89,1,mañana,5,0.944444444444444,1.41660667202811,18
174,89,1,navidad.,6,0.6111111111111109,0.225992561871529,18
176,,2,Dicen,0,0.0,-1.7776740307447099,18
176,,2,que,1,0.8888888888888891,1.03972077083992,18
176,,2,sus,2,0.0,-1.7776740307447099,18
176,,2,pensamientos,3,0.0,-1.7776740307447099,18
176,,2,son,4,0.7777777777777779,0.6263814842476839,18
176,,2,muy,5,0.166666666666667,-0.8047189562170501,18
176,,2,complejos.,6,0.0,-1.7776740307447099,18
177,49,0,No,0,0.0555555555555556,-1.41660667202811,18
177,49,0,hay,1,0.0555555555555556,-1.41660667202811,18
177,49,0,que,2,0.444444444444444,-0.111571775657105,18
177,49,0,pedirle,3,0.0,-1.7776740307447099,18
177,49,0,peras,4,0.7222222222222221,0.47775572251371795,18
177,49,0,al,5,1.0,1.7776740307447099,18
177,49,0,Olmo.,6,0.8888888888888891,1.03972077083992,18
178,,0,No,0,0.0555555555555556,-1.41660667202811,18
178,,0,hay,1,0.222222222222222,-0.6263814842476839,18
178,,0,que,2,0.666666666666667,0.346573590279973,18
178,,0,gastar,3,0.0,-1.7776740307447099,18
178,,0,pólvora,4,0.33333333333333304,-0.346573590279973,18
178,,0,en,5,0.944444444444444,1.41660667202811,18
178,,0,chimangos.,6,0.555555555555556,0.111571775657105,18
179,,2,Roberto,0,0.0,-1.7776740307447099,18
179,,2,quería,1,0.0,-1.7776740307447099,18
179,,2,pintar,2,0.0,-1.7776740307447099,18
179,,2,otra,3,0.0,-1.7776740307447099,18
179,,2,vez,4,0.38888888888888895,-0.225992561871529,18
179,,2,todo,5,0.0,-1.7776740307447099,18
179,,2,el,6,0.666666666666667,0.346573590279973,18
179,,2,departamento.,7,0.111111111111111,-1.03972077083992,18
180,,2,Paula,0,0.0,-1.7776740307447099,18
180,,2,vio,1,0.0,-1.7776740307447099,18
180,,2,que,2,0.166666666666667,-0.8047189562170501,18
180,,2,su,3,0.277777777777778,-0.47775572251371795,18
180,,2,perro,4,0.0,-1.7776740307447099,18
180,,2,se,5,0.222222222222222,-0.6263814842476839,18
180,,2,durmió,6,0.0,-1.7776740307447099,18
180,,2,y,7,0.0,-1.7776740307447099,18
180,,2,no,8,0.222222222222222,-0.6263814842476839,18
180,,2,quiso,9,0.0,-1.7776740307447099,18
180,,2,despertarlo.,10,0.444444444444444,-0.111571775657105,18
181,126,2,María,0,0.0,-1.7776740307447099,18
181,126,2,nunca,1,0.0,-1.7776740307447099,18
181,126,2,ha,2,0.0,-1.7776740307447099,18
181,126,2,hecho,3,0.277777777777778,-0.47775572251371795,18
181,126,2,llorar,4,0.0,-1.7776740307447099,18
181,126,2,a,5,1.0,1.7776740307447099,18
181,126,2,sus,6,0.0,-1.7776740307447099,18
181,126,2,padres.,7,0.166666666666667,-0.8047189562170501,18
182,,2,Hoy,0,0.0,-1.7776740307447099,18
182,,2,los,1,0.0,-1.7776740307447099,18
182,,2,niños,2,0.0555555555555556,-1.41660667202811,18
182,,2,deben,3,0.0,-1.7776740307447099,18
182,,2,hacer,4,0.166666666666667,-0.8047189562170501,18
182,,2,dibujos,5,0.0,-1.7776740307447099,18
182,,2,geométricos.,6,0.0,-1.7776740307447099,18
183,,2,La,0,0.222222222222222,-0.6263814842476839,18
183,,2,Señora,1,0.0,-1.7776740307447099,18
183,,2,quería,2,0.0,-1.7776740307447099,18
183,,2,que,3,0.277777777777778,-0.47775572251371795,18
183,,2,le,4,0.222222222222222,-0.6263814842476839,18
183,,2,cambiaran,5,0.0,-1.7776740307447099,18
183,,2,la,6,0.38888888888888895,-0.225992561871529,18
183,,2,lámpara,7,0.0555555555555556,-1.41660667202811,18
183,,2,del,8,0.0555555555555556,-1.41660667202811,18
183,,2,dormitorio.,9,0.0,-1.7776740307447099,18
184,,2,El,0,0.0,-1.7776740307447099,18
184,,2,mecánico,1,0.0,-1.7776740307447099,18
184,,2,no,2,0.0,-1.7776740307447099,18
184,,2,consiguió,3,0.0,-1.7776740307447099,18
184,,2,quitarse,4,0.0,-1.7776740307447099,18
184,,2,la,5,0.666666666666667,0.346573590279973,18
184,,2,grasa,6,0.6111111111111109,0.225992561871529,18
184,,2,de,7,0.666666666666667,0.346573590279973,18
184,,2,los,8,0.0,-1.7776740307447099,18
184,,2,dedos.,9,0.277777777777778,-0.47775572251371795,18
185,,2,Raúl,0,0.0,-1.7776740307447099,18
185,,2,estaba,1,0.0,-1.7776740307447099,18
185,,2,totalmente,2,0.0,-1.7776740307447099,18
185,,2,transpirado,3,0.0,-1.7776740307447099,18
185,,2,cuando,4,0.111111111111111,-1.03972077083992,18
185,,2,terminó,5,0.111111111111111,-1.03972077083992,18
185,,2,de,6,0.666666666666667,0.346573590279973,18
185,,2,correr.,7,0.555555555555556,0.111571775657105,18
186,,2,Los,0,0.0,-1.7776740307447099,18
186,,2,excursionistas,1,0.0,-1.7776740307447099,18
186,,2,vieron,2,0.0,-1.7776740307447099,18
186,,2,ciervos,3,0.0,-1.7776740307447099,18
186,,2,en,4,0.8888888888888891,1.03972077083992,18
186,,2,el,5,0.38888888888888895,-0.225992561871529,18
186,,2,bosque.,6,0.166666666666667,-0.8047189562170501,18
187,,2,Lo,0,0.0555555555555556,-1.41660667202811,18
187,,2,que,1,0.833333333333333,0.8047189562170501,18
187,,2,primero,2,0.0,-1.7776740307447099,18
187,,2,rodó,3,0.0,-1.7776740307447099,18
187,,2,fue,4,0.666666666666667,0.346573590279973,18
187,,2,la,5,0.38888888888888895,-0.225992561871529,18
187,,2,cabeza,6,0.38888888888888895,-0.225992561871529,18
187,,2,de,7,0.6111111111111109,0.225992561871529,18
187,,2,asesinos,8,0.0,-1.7776740307447099,18
187,,2,y,9,0.222222222222222,-0.6263814842476839,18
187,,2,traidores.,10,0.0,-1.7776740307447099,18
188,,2,Claudia,0,0.0,-1.7776740307447099,18
188,,2,dejó,1,0.0,-1.7776740307447099,18
188,,2,la,2,0.166666666666667,-0.8047189562170501,18
188,,2,bicicleta,3,0.0,-1.7776740307447099,18
188,,2,en,4,0.833333333333333,0.8047189562170501,18
188,,2,la,5,0.666666666666667,0.346573590279973,18
188,,2,calle.,6,0.111111111111111,-1.03972077083992,18
189,,2,Los,0,0.222222222222222,-0.6263814842476839,18
189,,2,padres,1,0.111111111111111,-1.03972077083992,18
189,,2,podían,2,0.0,-1.7776740307447099,18
189,,2,escuchar,3,0.0,-1.7776740307447099,18
189,,2,a,4,0.6111111111111109,0.225992561871529,18
189,,2,los,5,0.166666666666667,-0.8047189562170501,18
189,,2,niños,6,0.38888888888888895,-0.225992561871529,18
189,,2,jugar,7,0.166666666666667,-0.8047189562170501,18
189,,2,en,8,0.7222222222222221,0.47775572251371795,18
189,,2,el,9,0.944444444444444,1.41660667202811,18
189,,2,jardín.,10,0.111111111111111,-1.03972077083992,18
190,127,2,Cada,0,0.0,-1.7776740307447099,18
190,127,2,lengua,1,0.0,-1.7776740307447099,18
190,127,2,del,2,0.0,-1.7776740307447099,18
190,127,2,mundo,3,0.33333333333333304,-0.346573590279973,18
190,127,2,posee,4,0.0,-1.7776740307447099,18
190,127,2,una,5,0.0,-1.7776740307447099,18
190,127,2,gramática.,6,0.111111111111111,-1.03972077083992,18
191,,2,El,0,0.0555555555555556,-1.41660667202811,18
191,,2,político,1,0.0,-1.7776740307447099,18
191,,2,no,2,0.0,-1.7776740307447099,18
191,,2,reaccionó,3,0.0,-1.7776740307447099,18
191,,2,ante,4,0.38888888888888895,-0.225992561871529,18
191,,2,las,5,0.0555555555555556,-1.41660667202811,18
191,,2,preguntas,6,0.0,-1.7776740307447099,18
191,,2,de,7,0.833333333333333,0.8047189562170501,18
191,,2,los,8,0.555555555555556,0.111571775657105,18
191,,2,periodistas.,9,0.833333333333333,0.8047189562170501,18
192,,2,La,0,0.166666666666667,-0.8047189562170501,18
192,,2,ventana,1,0.0,-1.7776740307447099,18
192,,2,del,2,0.0555555555555556,-1.41660667202811,18
192,,2,salón,3,0.0,-1.7776740307447099,18
192,,2,ha,4,0.0,-1.7776740307447099,18
192,,2,estado,5,0.0,-1.7776740307447099,18
192,,2,trabada,6,0.0,-1.7776740307447099,18
192,,2,durante,7,0.111111111111111,-1.03972077083992,18
192,,2,varios,8,0.0,-1.7776740307447099,18
192,,2,días.,9,0.7222222222222221,0.47775572251371795,18
193,,2,Tal,0,0.0,-1.7776740307447099,18
193,,2,vez,1,0.277777777777778,-0.47775572251371795,18
193,,2,pronto,2,0.0,-1.7776740307447099,18
193,,2,se,3,0.222222222222222,-0.6263814842476839,18
193,,2,puedan,4,0.0,-1.7776740307447099,18
193,,2,comprar,5,0.0,-1.7776740307447099,18
193,,2,huevos,6,0.0,-1.7776740307447099,18
193,,2,de,7,0.111111111111111,-1.03972077083992,18
193,,2,pascua.,8,0.166666666666667,-0.8047189562170501,18
194,,2,La,0,0.166666666666667,-0.8047189562170501,18
194,,2,pequeña,1,0.0,-1.7776740307447099,18
194,,2,empresa,2,0.0,-1.7776740307447099,18
194,,2,no,3,0.0,-1.7776740307447099,18
194,,2,podía,4,0.0,-1.7776740307447099,18
194,,2,permitirse,5,0.0,-1.7776740307447099,18
194,,2,la,6,0.0,-1.7776740307447099,18
194,,2,costosa,7,0.0,-1.7776740307447099,18
194,,2,máquina.,8,0.0,-1.7776740307447099,18
195,,2,El,0,0.111111111111111,-1.03972077083992,18
195,,2,obispo,1,0.0,-1.7776740307447099,18
195,,2,apareció,2,0.0,-1.7776740307447099,18
195,,2,con,3,0.111111111111111,-1.03972077083992,18
195,,2,su,4,0.111111111111111,-1.03972077083992,18
195,,2,nuevo,5,0.0,-1.7776740307447099,18
195,,2,secretario,6,0.0,-1.7776740307447099,18
195,,2,en,7,0.5,0.0,18
195,,2,la,8,0.7777777777777779,0.6263814842476839,18
195,,2,conferencia.,9,0.0,-1.7776740307447099,18
196,128,2,El,0,0.111111111111111,-1.03972077083992,18
196,128,2,destino,1,0.0,-1.7776740307447099,18
196,128,2,volvió,2,0.0,-1.7776740307447099,18
196,128,2,a,3,0.833333333333333,0.8047189562170501,18
196,128,2,unir,4,0.0,-1.7776740307447099,18
196,128,2,a,5,0.666666666666667,0.346573590279973,18
196,128,2,los,6,0.5,0.0,18
196,128,2,amigos.,7,0.277777777777778,-0.47775572251371795,18
197,129,2,En,0,0.166666666666667,-0.8047189562170501,18
197,129,2,el,1,0.222222222222222,-0.6263814842476839,18
197,129,2,tribunal,2,0.0,-1.7776740307447099,18
197,129,2,la,3,0.0,-1.7776740307447099,18
197,129,2,votación,4,0.0,-1.7776740307447099,18
197,129,2,fue,5,0.944444444444444,1.41660667202811,18
197,129,2,reñida.,6,0.0,-1.7776740307447099,18
198,,2,La,0,0.111111111111111,-1.03972077083992,18
198,,2,cumbre,1,0.0,-1.7776740307447099,18
198,,2,de,2,0,0,18
198,,2,científicos,3,0,0,18
198,,2,duró,4,0,0,18
198,,2,este,5,0,0,18
198,,2,año,6,0,0,18
198,,2,cuatro,7,0,0,18
198,,2,días.,8,0,0,18
