id_orac_online,tipo_orac,tipo_orac_new,palabra,palNum,pred,logit_pred,nCompletadas
0,3,1,Los,0,,,
0,3,1,niños,1,0.0,-0.8450980400142569,4.0
0,3,1,disfrutaron,2,0.0,-0.8450980400142569,4.0
0,3,1,del,3,0.0,-0.8450980400142569,4.0
0,3,1,paseo,4,0.0,-0.8450980400142569,4.0
0,3,1,mucho,5,0.0,-0.8450980400142569,4.0
0,3,1,más,6,0.0,-0.8450980400142569,4.0
0,3,1,que,7,0.25,-0.4771212547196625,4.0
0,3,1,yo,8,0.0,-0.8450980400142569,4.0
1,3,0,Mucho,0,,,
1,3,0,ruido,1,0.0,-0.9542425094393249,5.0
1,3,0,y,2,0.2,-0.6020599913279624,5.0
1,3,0,pocas,3,0.0,-0.9542425094393249,5.0
1,3,0,nueces,4,1.0,0.954242509439325,5.0
2,3,1,De,0,,,
2,3,1,lo,1,0.0,-0.4771212547196625,2.0
2,3,1,que,2,0.0,-0.4771212547196625,2.0
2,3,1,no,3,0.0,-0.4771212547196625,2.0
2,3,1,se,4,0.0,-0.4771212547196625,2.0
2,3,1,sabe,5,0.0,-0.4771212547196625,2.0
2,3,1,es,6,0.0,-0.4771212547196625,2.0
2,3,1,mejor,7,0.0,-0.4771212547196625,2.0
2,3,1,callar,8,0.0,-0.4771212547196625,2.0
3,3,1,Quien,0,,,
3,3,1,mal,1,0.25,-0.4771212547196625,4.0
3,3,1,anda,2,1.0,0.8450980400142568,4.0
3,3,1,mal,3,1.0,0.8450980400142568,4.0
3,3,1,acaba,4,0.75,0.47712125471966244,4.0
4,3,1,Chancho,0,,,
4,3,1,limpio,1,0.4,-0.17609125905568118,5.0
4,3,1,nunca,2,0.2,-0.6020599913279624,5.0
4,3,1,engorda,3,0.8,0.6020599913279625,5.0
5,3,1,La,0,,,
5,3,1,guadaña,1,0.0,-0.8450980400142569,4.0
5,3,1,es,2,0.0,-0.8450980400142569,4.0
5,3,1,el,3,0.0,-0.8450980400142569,4.0
5,3,1,símbolo,4,0.0,-0.8450980400142569,4.0
5,3,1,de,5,0.0,-0.8450980400142569,4.0
5,3,1,la,6,0.5,0.0,4.0
5,3,1,muerte,7,0.75,0.47712125471966244,4.0
6,3,1,Baco,0,,,
6,3,1,es,1,1.0,0.47712125471966244,2.0
6,3,1,el,2,0.5,0.0,2.0
6,3,1,Dios,3,0.5,0.0,2.0
6,3,1,del,4,0.5,0.0,2.0
6,3,1,vino,5,0.5,0.0,2.0
7,3,1,Pedro,0,,,
7,3,1,es,1,0.0,-0.6989700043360189,3.0
7,3,1,el,2,0.0,-0.6989700043360189,3.0
7,3,1,único,3,0.0,-0.6989700043360189,3.0
7,3,1,actor,4,0.0,-0.6989700043360189,3.0
7,3,1,de,5,0.0,-0.6989700043360189,3.0
7,3,1,la,6,0.0,-0.6989700043360189,3.0
7,3,1,novela,7,0.0,-0.6989700043360189,3.0
8,3,1,A,0,,,
8,3,1,la,1,0.0,-0.6989700043360189,3.0
8,3,1,isla,2,0.0,-0.6989700043360189,3.0
8,3,1,se,3,0.0,-0.6989700043360189,3.0
8,3,1,puede,4,0.0,-0.6989700043360189,3.0
8,3,1,llegar,5,0.3333333333333333,-0.30102999566398125,3.0
8,3,1,solamente,6,0.0,-0.6989700043360189,3.0
8,3,1,por,7,0.0,-0.6989700043360189,3.0
8,3,1,avión,8,0.0,-0.6989700043360189,3.0
9,3,1,Juan,0,,,
9,3,1,se,1,0.0,-1.113943352306837,7.0
9,3,1,dislocó,2,0.0,-1.113943352306837,7.0
9,3,1,el,3,0.2857142857142857,-0.39794000867203766,7.0
9,3,1,hombro,4,0.0,-1.113943352306837,7.0
9,3,1,por,5,0.0,-1.113943352306837,7.0
9,3,1,tercera,6,0.0,-1.113943352306837,7.0
9,3,1,vez,7,1.0,1.113943352306837,7.0
10,0,0,Quien,0,,,
10,0,0,mucho,1,0.0,-1.3617278360175928,12.0
10,0,0,abarca,2,0.8333333333333334,0.698970004336019,12.0
10,0,0,poco,3,0.8333333333333334,0.698970004336019,12.0
10,0,0,aprieta,4,1.0,1.3617278360175933,12.0
11,0,0,En,0,,,
11,0,0,casa,1,0.08333333333333333,-1.041392685158225,12.0
11,0,0,de,2,0.5833333333333334,0.14612803567823807,12.0
11,0,0,herrero,3,0.75,0.47712125471966244,12.0
11,0,0,cuchillo,4,1.0,1.3617278360175933,12.0
11,0,0,de,5,1.0,1.3617278360175933,12.0
11,0,0,palo,6,1.0,1.3617278360175933,12.0
12,0,0,Al,0,,,
12,0,0,mal,1,0.0,-1.3617278360175928,12.0
12,0,0,tiempo,2,0.5833333333333334,0.14612803567823807,12.0
12,0,0,buena,3,0.9166666666666666,1.041392685158225,12.0
12,0,0,cara,4,0.9166666666666666,1.041392685158225,12.0
13,0,0,Cuando,0,,,
13,0,0,hay,1,0.0,-1.3617278360175928,12.0
13,0,0,hambre,2,0.25,-0.4771212547196625,12.0
13,0,0,no,3,0.75,0.47712125471966244,12.0
13,0,0,hay,4,0.75,0.47712125471966244,12.0
13,0,0,pan,5,0.75,0.47712125471966244,12.0
13,0,0,duro,6,0.8333333333333334,0.698970004336019,12.0
14,0,0,Dios,0,,,
14,0,0,le,1,0.0,-1.3617278360175928,12.0
14,0,0,da,2,0.5,0.0,12.0
14,0,0,pan,3,0.5,0.0,12.0
14,0,0,a,4,0.16666666666666666,-0.6989700043360189,12.0
14,0,0,quien,5,0.5833333333333334,0.14612803567823807,12.0
14,0,0,no,6,0.75,0.47712125471966244,12.0
14,0,0,tiene,7,0.8333333333333334,0.698970004336019,12.0
14,0,0,dientes,8,0.8333333333333334,0.698970004336019,12.0
15,0,0,A,0,,,
15,0,0,palabras,1,0.08333333333333333,-1.041392685158225,12.0
15,0,0,necias,2,0.75,0.47712125471966244,12.0
15,0,0,oídos,3,1.0,1.3617278360175933,12.0
15,0,0,sordos,4,1.0,1.3617278360175933,12.0
16,0,0,Ojos,0,,,
16,0,0,que,1,0.8181818181818182,0.6532125137753438,11.0
16,0,0,no,2,0.9090909090909091,0.9999999999999998,11.0
16,0,0,ven,3,1.0,1.3222192947339197,11.0
16,0,0,corazón,4,1.0,1.3222192947339197,11.0
16,0,0,que,5,1.0,1.3222192947339197,11.0
16,0,0,no,6,0.8181818181818182,0.6532125137753438,11.0
16,0,0,siente,7,0.8181818181818182,0.6532125137753438,11.0
17,0,0,Al,0,,,
17,0,0,que,1,0.25,-0.4771212547196625,12.0
17,0,0,madruga,2,0.5,0.0,12.0
17,0,0,Dios,3,1.0,1.3617278360175933,12.0
17,0,0,lo,4,1.0,1.3617278360175933,12.0
17,0,0,ayuda,5,1.0,1.3617278360175933,12.0
18,0,0,A,0,,,
18,0,0,caballo,1,0.08333333333333333,-1.041392685158225,12.0
18,0,0,regalado,2,0.75,0.47712125471966244,12.0
18,0,0,no,3,0.9166666666666666,1.041392685158225,12.0
18,0,0,se,4,0.8333333333333334,0.698970004336019,12.0
18,0,0,le,5,0.8333333333333334,0.698970004336019,12.0
18,0,0,miran,6,0.6666666666666666,0.30102999566398114,12.0
18,0,0,los,7,0.8333333333333334,0.698970004336019,12.0
18,0,0,dientes,8,0.75,0.47712125471966244,12.0
19,0,0,Más,0,,,
19,0,0,vale,1,0.6666666666666666,0.30102999566398114,12.0
19,0,0,pájaro,2,0.5833333333333334,0.14612803567823807,12.0
19,0,0,en,3,0.8333333333333334,0.698970004336019,12.0
19,0,0,mano,4,0.8333333333333334,0.698970004336019,12.0
19,0,0,que,5,0.75,0.47712125471966244,12.0
19,0,0,cien,6,0.9166666666666666,1.041392685158225,12.0
19,0,0,volando,7,0.9166666666666666,1.041392685158225,12.0
20,0,0,Haz,0,,,
20,0,0,el,1,0.23076923076923078,-0.5228787452803375,13.0
20,0,0,bien,2,0.7692307692307693,0.5228787452803376,13.0
20,0,0,sin,3,0.8461538461538461,0.7403626894942439,13.0
20,0,0,mirar,4,0.7692307692307693,0.5228787452803376,13.0
20,0,0,a,5,0.7692307692307693,0.5228787452803376,13.0
20,0,0,quién,6,0.7692307692307693,0.5228787452803376,13.0
21,0,0,Hombre,0,,,
21,0,0,prevenido,1,0.25,-0.4771212547196625,12.0
21,0,0,vale,2,0.9166666666666666,1.041392685158225,12.0
21,0,0,por,3,1.0,1.3617278360175933,12.0
21,0,0,dos,4,1.0,1.3617278360175933,12.0
22,0,0,En,0,,,
22,0,0,boca,1,0.25,-0.4771212547196625,12.0
22,0,0,cerrada,2,0.9166666666666666,1.041392685158225,12.0
22,0,0,no,3,1.0,1.3617278360175933,12.0
22,0,0,entran,4,1.0,1.3617278360175933,12.0
22,0,0,moscas,5,1.0,1.3617278360175933,12.0
23,0,0,No,0,,,
23,0,0,por,1,0.0,-1.3617278360175928,12.0
23,0,0,mucho,2,1.0,1.3617278360175933,12.0
23,0,0,madrugar,3,1.0,1.3617278360175933,12.0
23,0,0,amanece,4,0.4166666666666667,-0.14612803567823793,12.0
23,0,0,más,5,0.5833333333333334,0.14612803567823807,12.0
23,0,0,temprano,6,0.9166666666666666,1.041392685158225,12.0
24,0,0,No,0,,,
24,0,0,dejes,1,0.08333333333333333,-1.041392685158225,12.0
24,0,0,para,2,0.5,0.0,12.0
24,0,0,mañana,3,1.0,1.3617278360175933,12.0
24,0,0,lo,4,0.9166666666666666,1.041392685158225,12.0
24,0,0,que,5,0.9166666666666666,1.041392685158225,12.0
24,0,0,puedas,6,0.5,0.0,12.0
24,0,0,hacer,7,0.9166666666666666,1.041392685158225,12.0
24,0,0,hoy,8,1.0,1.3617278360175933,12.0
25,0,0,No,0,,,
25,0,0,hay,1,0.0,-1.3617278360175928,12.0
25,0,0,mal,2,0.3333333333333333,-0.30102999566398125,12.0
25,0,0,que,3,0.9166666666666666,1.041392685158225,12.0
25,0,0,por,4,0.75,0.47712125471966244,12.0
25,0,0,bien,5,0.75,0.47712125471966244,12.0
25,0,0,no,6,1.0,1.3617278360175933,12.0
25,0,0,venga,7,0.9166666666666666,1.041392685158225,12.0
26,0,0,En,0,,,
26,0,0,el,1,0.0,-1.3617278360175928,12.0
26,0,0,país,2,0.0,-1.3617278360175928,12.0
26,0,0,de,3,0.6666666666666666,0.30102999566398114,12.0
26,0,0,los,4,0.6666666666666666,0.30102999566398114,12.0
26,0,0,ciegos,5,0.5833333333333334,0.14612803567823807,12.0
26,0,0,el,6,0.9166666666666666,1.041392685158225,12.0
26,0,0,tuerto,7,0.75,0.47712125471966244,12.0
26,0,0,es,8,1.0,1.3617278360175933,12.0
26,0,0,Rey,9,0.9166666666666666,1.041392685158225,12.0
27,0,0,Al,0,,,
27,0,0,que,1,0.3076923076923077,-0.3521825181113625,13.0
27,0,0,quiere,2,0.0,-1.3979400086720375,13.0
27,0,0,celeste,3,0.5384615384615384,0.06694678963061314,13.0
27,0,0,que,4,0.8461538461538461,0.7403626894942439,13.0
27,0,0,le,5,0.8461538461538461,0.7403626894942439,13.0
27,0,0,cueste,6,1.0,1.397940008672038,13.0
28,0,0,Sobre,0,,,
28,0,0,gustos,1,0.08333333333333333,-1.041392685158225,12.0
28,0,0,no,2,1.0,1.3617278360175933,12.0
28,0,0,hay,3,1.0,1.3617278360175933,12.0
28,0,0,nada,4,1.0,1.3617278360175933,12.0
28,0,0,escrito,5,1.0,1.3617278360175933,12.0
29,0,0,Dime,0,,,
29,0,0,con,1,0.6666666666666666,0.30102999566398114,12.0
29,0,0,quién,2,0.9166666666666666,1.041392685158225,12.0
29,0,0,andas,3,0.9166666666666666,1.041392685158225,12.0
29,0,0,y,4,0.9166666666666666,1.041392685158225,12.0
29,0,0,te,5,0.9166666666666666,1.041392685158225,12.0
29,0,0,diré,6,0.8333333333333334,0.698970004336019,12.0
29,0,0,quién,7,0.8333333333333334,0.698970004336019,12.0
29,0,0,eres,8,1.0,1.3617278360175933,12.0
30,0,0,No,0,,,
30,0,0,está,1,0.08333333333333333,-1.041392685158225,12.0
30,0,0,muerto,2,0.16666666666666666,-0.6989700043360189,12.0
30,0,0,quien,3,0.9166666666666666,1.041392685158225,12.0
30,0,0,pelea,4,1.0,1.3617278360175933,12.0
31,0,0,Agua,0,,,
31,0,0,que,1,0.8333333333333334,0.698970004336019,12.0
31,0,0,no,2,1.0,1.3617278360175933,12.0
31,0,0,has,3,0.8333333333333334,0.698970004336019,12.0
31,0,0,de,4,1.0,1.3617278360175933,12.0
31,0,0,beber,5,0.9166666666666666,1.041392685158225,12.0
31,0,0,déjala,6,0.9166666666666666,1.041392685158225,12.0
31,0,0,correr,7,1.0,1.3617278360175933,12.0
32,0,0,Haz,0,,,
32,0,0,lo,1,0.23076923076923078,-0.5228787452803375,13.0
32,0,0,que,2,0.6923076923076923,0.3521825181113625,13.0
32,0,0,yo,3,0.07692307692307693,-1.0791812460476249,13.0
32,0,0,digo,4,0.5384615384615384,0.06694678963061314,13.0
32,0,0,mas,5,0.23076923076923078,-0.5228787452803375,13.0
32,0,0,no,6,0.9230769230769231,1.079181246047625,13.0
32,0,0,lo,7,0.8461538461538461,0.7403626894942439,13.0
32,0,0,que,8,0.8461538461538461,0.7403626894942439,13.0
32,0,0,yo,9,0.8461538461538461,0.7403626894942439,13.0
32,0,0,hago,10,0.8461538461538461,0.7403626894942439,13.0
33,0,0,Cuentas,0,,,
33,0,0,claras,1,0.75,0.47712125471966244,12.0
33,0,0,conservan,2,0.5833333333333334,0.14612803567823807,12.0
33,0,0,la,3,0.8333333333333334,0.698970004336019,12.0
33,0,0,amistad,4,0.9166666666666666,1.041392685158225,12.0
34,0,0,Hablando,0,,,
34,0,0,de,1,0.7272727272727273,0.42596873227228116,11.0
34,0,0,Roma,2,0.6363636363636364,0.24303804868629442,11.0
34,0,0,el,3,0.8181818181818182,0.6532125137753438,11.0
34,0,0,burro,4,0.7272727272727273,0.42596873227228116,11.0
34,0,0,se,5,0.7272727272727273,0.42596873227228116,11.0
34,0,0,asoma,6,0.9090909090909091,0.9999999999999998,11.0
35,0,0,Mejor,0,,,
35,0,0,solo,1,0.0,-1.3617278360175928,12.0
35,0,0,que,2,0.8333333333333334,0.698970004336019,12.0
35,0,0,mal,3,0.8333333333333334,0.698970004336019,12.0
35,0,0,acompañado,4,1.0,1.3617278360175933,12.0
36,0,0,El,0,,,
36,0,0,diablo,1,0.0,-1.3617278360175928,12.0
36,0,0,sabe,2,0.6666666666666666,0.30102999566398114,12.0
36,0,0,más,3,0.0,-1.3617278360175928,12.0
36,0,0,por,4,0.6666666666666666,0.30102999566398114,12.0
36,0,0,viejo,5,0.5833333333333334,0.14612803567823807,12.0
36,0,0,que,6,0.8333333333333334,0.698970004336019,12.0
36,0,0,por,7,0.75,0.47712125471966244,12.0
36,0,0,diablo,8,0.8333333333333334,0.698970004336019,12.0
37,0,0,El,0,,,
37,0,0,que,1,0.4166666666666667,-0.14612803567823793,12.0
37,0,0,a,2,0.0,-1.3617278360175928,12.0
37,0,0,hierro,3,0.3333333333333333,-0.30102999566398125,12.0
37,0,0,mata,4,0.8333333333333334,0.698970004336019,12.0
37,0,0,a,5,0.9166666666666666,1.041392685158225,12.0
37,0,0,hierro,6,0.9166666666666666,1.041392685158225,12.0
37,0,0,muere,7,0.9166666666666666,1.041392685158225,12.0
38,0,0,Tanto,0,,,
38,0,0,va,1,0.5833333333333334,0.14612803567823807,12.0
38,0,0,el,2,0.9166666666666666,1.041392685158225,12.0
38,0,0,cántaro,3,0.8333333333333334,0.698970004336019,12.0
38,0,0,a,4,0.75,0.47712125471966244,12.0
38,0,0,la,5,0.6666666666666666,0.30102999566398114,12.0
38,0,0,fuente,6,0.9166666666666666,1.041392685158225,12.0
38,0,0,que,7,0.9166666666666666,1.041392685158225,12.0
38,0,0,al,8,0.5833333333333334,0.14612803567823807,12.0
38,0,0,final,9,0.6666666666666666,0.30102999566398114,12.0
38,0,0,se,10,0.9166666666666666,1.041392685158225,12.0
38,0,0,rompe,11,0.9166666666666666,1.041392685158225,12.0
39,0,0,Aunque,0,,,
39,0,0,la,1,0.08333333333333333,-1.041392685158225,12.0
39,0,0,mona,2,0.16666666666666666,-0.6989700043360189,12.0
39,0,0,se,3,0.9166666666666666,1.041392685158225,12.0
39,0,0,vista,4,0.9166666666666666,1.041392685158225,12.0
39,0,0,de,5,0.8333333333333334,0.698970004336019,12.0
39,0,0,seda,6,0.9166666666666666,1.041392685158225,12.0
39,0,0,mona,7,0.9166666666666666,1.041392685158225,12.0
39,0,0,queda,8,0.5833333333333334,0.14612803567823807,12.0
40,0,0,A,0,,,
40,0,0,buen,1,0.16666666666666666,-0.6989700043360189,12.0
40,0,0,entendedor,2,1.0,1.3617278360175933,12.0
40,0,0,pocas,3,0.9166666666666666,1.041392685158225,12.0
40,0,0,palabras,4,0.9166666666666666,1.041392685158225,12.0
41,0,0,El,0,,,
41,0,0,que,1,0.3333333333333333,-0.30102999566398125,12.0
41,0,0,ríe,2,0.0,-1.3617278360175928,12.0
41,0,0,último,3,0.5833333333333334,0.14612803567823807,12.0
41,0,0,ríe,4,1.0,1.3617278360175933,12.0
41,0,0,mejor,5,0.75,0.47712125471966244,12.0
42,0,0,Es,0,,,
42,0,0,mejor,1,0.08333333333333333,-1.041392685158225,12.0
42,0,0,prevenir,2,0.0,-1.3617278360175928,12.0
42,0,0,que,3,0.9166666666666666,1.041392685158225,12.0
42,0,0,curar,4,0.8333333333333334,0.698970004336019,12.0
43,0,0,No,0,,,
43,0,0,todo,1,0.0,-1.3617278360175928,12.0
43,0,0,lo,2,0.6666666666666666,0.30102999566398114,12.0
43,0,0,que,3,0.8333333333333334,0.698970004336019,12.0
43,0,0,brilla,4,0.08333333333333333,-1.041392685158225,12.0
43,0,0,es,5,1.0,1.3617278360175933,12.0
43,0,0,oro,6,1.0,1.3617278360175933,12.0
44,0,0,El,0,,,
44,0,0,ojo,1,0.0,-1.3617278360175928,12.0
44,0,0,del,2,0.75,0.47712125471966244,12.0
44,0,0,amo,3,0.6666666666666666,0.30102999566398114,12.0
44,0,0,engorda,4,0.8333333333333334,0.698970004336019,12.0
44,0,0,el,5,0.8333333333333334,0.698970004336019,12.0
44,0,0,ganado,6,0.9166666666666666,1.041392685158225,12.0
45,0,0,En,0,,,
45,0,0,todas,1,0.0,-1.3222192947339193,11.0
45,0,0,partes,2,0.09090909090909091,-1.0,11.0
45,0,0,se,3,0.7272727272727273,0.42596873227228116,11.0
45,0,0,cuecen,4,0.8181818181818182,0.6532125137753438,11.0
45,0,0,habas,5,1.0,1.3222192947339197,11.0
46,0,0,Donde,0,,,
46,0,0,manda,1,0.08333333333333333,-1.041392685158225,12.0
46,0,0,capitán,2,1.0,1.3617278360175933,12.0
46,0,0,no,3,0.9166666666666666,1.041392685158225,12.0
46,0,0,manda,4,0.9166666666666666,1.041392685158225,12.0
46,0,0,marinero,5,0.9166666666666666,1.041392685158225,12.0
47,0,0,Mal,0,,,
47,0,0,de,1,0.25,-0.4771212547196625,12.0
47,0,0,muchos,2,0.5,0.0,12.0
47,0,0,consuelo,3,0.9166666666666666,1.041392685158225,12.0
47,0,0,de,4,0.9166666666666666,1.041392685158225,12.0
47,0,0,tontos,5,0.75,0.47712125471966244,12.0
48,0,0,Cría,0,,,
48,0,0,cuervos,1,0.6666666666666666,0.30102999566398114,12.0
48,0,0,y,2,0.75,0.47712125471966244,12.0
48,0,0,te,3,0.8333333333333334,0.698970004336019,12.0
48,0,0,sacarán,4,0.5833333333333334,0.14612803567823807,12.0
48,0,0,los,5,0.8333333333333334,0.698970004336019,12.0
48,0,0,ojos,6,1.0,1.3617278360175933,12.0
49,0,0,No,0,,,
49,0,0,hay,1,0.08333333333333333,-1.041392685158225,12.0
49,0,0,que,2,0.25,-0.4771212547196625,12.0
49,0,0,pedirle,3,0.0,-1.3617278360175928,12.0
49,0,0,peras,4,0.8333333333333334,0.698970004336019,12.0
49,0,0,al,5,0.8333333333333334,0.698970004336019,12.0
49,0,0,Olmo,6,1.0,1.3617278360175933,12.0
50,1,1,Aquiles,0,,,
50,1,1,luchó,1,0.0,-1.3617278360175928,12.0
50,1,1,en,2,0.16666666666666666,-0.6989700043360189,12.0
50,1,1,la,3,0.25,-0.4771212547196625,12.0
50,1,1,Guerra,4,0.6666666666666666,0.30102999566398114,12.0
50,1,1,de,5,0.4166666666666667,-0.14612803567823793,12.0
50,1,1,Troya,6,0.08333333333333333,-1.041392685158225,12.0
51,1,1,En,0,,,
51,1,1,Alaska,1,0.0,-1.3617278360175928,12.0
51,1,1,las,2,0.0,-1.3617278360175928,12.0
51,1,1,temperaturas,3,0.0,-1.3617278360175928,12.0
51,1,1,son,4,0.9166666666666666,1.041392685158225,12.0
51,1,1,muy,5,0.75,0.47712125471966244,12.0
51,1,1,bajas,6,0.75,0.47712125471966244,12.0
52,1,0,Todos,0,,,
52,1,0,los,1,0.25,-0.4771212547196625,12.0
52,1,0,caminos,2,0.0,-1.3617278360175928,12.0
52,1,0,conducen,3,1.0,1.3617278360175933,12.0
52,1,0,a,4,0.75,0.47712125471966244,12.0
52,1,0,Roma,5,1.0,1.3617278360175933,12.0
53,1,1,En,0,,,
53,1,1,Alemania,1,0.0,-1.3617278360175928,12.0
53,1,1,tiraron,2,0.0,-1.3617278360175928,12.0
53,1,1,el,3,0.08333333333333333,-1.041392685158225,12.0
53,1,1,muro,4,0.4166666666666667,-0.14612803567823793,12.0
53,1,1,de,5,0.75,0.47712125471966244,12.0
53,1,1,Berlín,6,0.8333333333333334,0.698970004336019,12.0
54,1,1,Alemania,0,,,
54,1,1,perdió,1,0.0,-1.3617278360175928,12.0
54,1,1,la,2,0.6666666666666666,0.30102999566398114,12.0
54,1,1,segunda,3,0.16666666666666666,-0.6989700043360189,12.0
54,1,1,guerra,4,1.0,1.3617278360175933,12.0
54,1,1,mundial,5,0.8333333333333334,0.698970004336019,12.0
55,1,1,A,0,,,
55,1,1,las,1,0.0,-1.3617278360175928,12.0
55,1,1,hojas,2,0.0,-1.3617278360175928,12.0
55,1,1,las,3,0.16666666666666666,-0.6989700043360189,12.0
55,1,1,amontona,4,0.0,-1.3617278360175928,12.0
55,1,1,el,5,1.0,1.3617278360175933,12.0
55,1,1,viento,6,1.0,1.3617278360175933,12.0
56,1,0,Hay,0,,,
56,1,0,que,1,0.0,-1.3617278360175928,12.0
56,1,0,pensar,2,0.08333333333333333,-1.041392685158225,12.0
56,1,0,antes,3,0.25,-0.4771212547196625,12.0
56,1,0,de,4,0.9166666666666666,1.041392685158225,12.0
56,1,0,hablar,5,0.5833333333333334,0.14612803567823807,12.0
57,1,1,El,0,,,
57,1,1,hombre,1,0.08333333333333333,-1.041392685158225,12.0
57,1,1,es,2,0.16666666666666666,-0.6989700043360189,12.0
57,1,1,un,3,0.5833333333333334,0.14612803567823807,12.0
57,1,1,animal,4,0.3333333333333333,-0.30102999566398125,12.0
57,1,1,racional,5,0.16666666666666666,-0.6989700043360189,12.0
58,1,1,El,0,,,
58,1,1,perro,1,0.08333333333333333,-1.041392685158225,12.0
58,1,1,enterró,2,0.0,-1.3617278360175928,12.0
58,1,1,un,3,0.5,0.0,12.0
58,1,1,hueso,4,1.0,1.3617278360175933,12.0
58,1,1,en,5,0.8333333333333334,0.698970004336019,12.0
58,1,1,el,6,0.75,0.47712125471966244,12.0
58,1,1,patio,7,0.25,-0.4771212547196625,12.0
59,1,1,DArtagnan,0,,,
59,1,1,era,1,0.25,-0.4771212547196625,12.0
59,1,1,amigo,2,0.0,-1.3617278360175928,12.0
59,1,1,de,3,1.0,1.3617278360175933,12.0
59,1,1,los,4,0.6666666666666666,0.30102999566398114,12.0
59,1,1,tres,5,0.08333333333333333,-1.041392685158225,12.0
59,1,1,mosqueteros',6,0.8333333333333334,0.698970004336019,12.0
60,1,1,No,0,,,
60,1,1,hagas,1,0.0,-1.3617278360175928,12.0
60,1,1,promesas,2,0.0,-1.3617278360175928,12.0
60,1,1,que,3,1.0,1.3617278360175933,12.0
60,1,1,no,4,1.0,1.3617278360175933,12.0
60,1,1,puedas,5,0.5833333333333334,0.14612803567823807,12.0
60,1,1,cumplir,6,1.0,1.3617278360175933,12.0
61,1,1,Ante,0,,,
61,1,1,la,1,0.4166666666666667,-0.14612803567823793,12.0
61,1,1,duda,2,0.16666666666666666,-0.6989700043360189,12.0
61,1,1,consulte,3,0.0,-1.3617278360175928,12.0
61,1,1,a,4,0.3333333333333333,-0.30102999566398125,12.0
61,1,1,su,5,0.25,-0.4771212547196625,12.0
61,1,1,médico,6,0.5833333333333334,0.14612803567823807,12.0
62,1,0,Caminante,0,,,
62,1,0,no,1,0.9166666666666666,1.041392685158225,12.0
62,1,0,hay,2,0.9166666666666666,1.041392685158225,12.0
62,1,0,camino,3,0.9166666666666666,1.041392685158225,12.0
62,1,0,se,4,0.9166666666666666,1.041392685158225,12.0
62,1,0,hace,5,1.0,1.3617278360175933,12.0
62,1,0,camino,6,0.9166666666666666,1.041392685158225,12.0
62,1,0,al,7,0.75,0.47712125471966244,12.0
62,1,0,andar,8,1.0,1.3617278360175933,12.0
63,1,1,San,0,,,
63,1,1,Martín,1,0.08333333333333333,-1.041392685158225,12.0
63,1,1,cruzó,2,0.5,0.0,12.0
63,1,1,los,3,0.75,0.47712125471966244,12.0
63,1,1,Andes,4,1.0,1.3617278360175933,12.0
63,1,1,a,5,0.3333333333333333,-0.30102999566398125,12.0
63,1,1,caballo,6,0.8333333333333334,0.698970004336019,12.0
64,1,1,A,0,,,
64,1,1,Rómulo,1,0.0,-1.3617278360175928,12.0
64,1,1,y,2,0.5,0.0,12.0
64,1,1,a,3,0.0,-1.3617278360175928,12.0
64,1,1,Remo,4,0.9166666666666666,1.041392685158225,12.0
64,1,1,los,5,0.8333333333333334,0.698970004336019,12.0
64,1,1,alimentó,6,0.4166666666666667,-0.14612803567823793,12.0
64,1,1,una,7,0.9166666666666666,1.041392685158225,12.0
64,1,1,loba,8,0.9166666666666666,1.041392685158225,12.0
65,1,1,Ser,0,,,
65,1,1,o,1,0.25,-0.4771212547196625,12.0
65,1,1,no,2,0.9166666666666666,1.041392685158225,12.0
65,1,1,ser,3,1.0,1.3617278360175933,12.0
65,1,1,ésa,4,0.5833333333333334,0.14612803567823807,12.0
65,1,1,es,5,0.8333333333333334,0.698970004336019,12.0
65,1,1,la,6,0.9166666666666666,1.041392685158225,12.0
65,1,1,cuestión,7,0.8333333333333334,0.698970004336019,12.0
66,1,1,El,0,,,
66,1,1,que,1,0.08333333333333333,-1.041392685158225,12.0
66,1,1,esté,2,0.0,-1.3617278360175928,12.0
66,1,1,libre,3,0.4166666666666667,-0.14612803567823793,12.0
66,1,1,de,4,0.9166666666666666,1.041392685158225,12.0
66,1,1,pecado,5,0.3333333333333333,-0.30102999566398125,12.0
66,1,1,que,6,1.0,1.3617278360175933,12.0
66,1,1,tire,7,0.6666666666666666,0.30102999566398114,12.0
66,1,1,la,8,0.9166666666666666,1.041392685158225,12.0
66,1,1,primer,9,0.08333333333333333,-1.041392685158225,12.0
66,1,1,piedra,10,1.0,1.3617278360175933,12.0
67,1,1,El,0,,,
67,1,1,mate,1,0.0,-1.3222192947339193,11.0
67,1,1,es,2,0.7272727272727273,0.42596873227228116,11.0
67,1,1,originario,3,0.0,-1.3222192947339193,11.0
67,1,1,de,4,1.0,1.3222192947339197,11.0
67,1,1,la,5,0.18181818181818182,-0.6532125137753436,11.0
67,1,1,Argentina,6,0.2727272727272727,-0.4259687322722812,11.0
68,1,1,Ganarás,0,,,
68,1,1,el,1,0.45454545454545453,-0.07918124604762482,11.0
68,1,1,pan,2,0.5454545454545454,0.07918124604762472,11.0
68,1,1,con,3,1.0,1.3222192947339197,11.0
68,1,1,el,4,1.0,1.3222192947339197,11.0
68,1,1,sudor,5,0.9090909090909091,0.9999999999999998,11.0
68,1,1,de,6,1.0,1.3222192947339197,11.0
68,1,1,tu,7,1.0,1.3222192947339197,11.0
68,1,1,frente,8,1.0,1.3222192947339197,11.0
69,1,1,Lucifer,0,,,
69,1,1,es,1,0.7272727272727273,0.42596873227228116,11.0
69,1,1,uno,2,0.0,-1.3222192947339193,11.0
69,1,1,de,3,0.8181818181818182,0.6532125137753438,11.0
69,1,1,los,4,0.8181818181818182,0.6532125137753438,11.0
69,1,1,nombres,5,0.0,-1.3222192947339193,11.0
69,1,1,del,6,0.45454545454545453,-0.07918124604762482,11.0
69,1,1,diablo,7,0.6363636363636364,0.24303804868629442,11.0
70,1,1,La,0,,,
70,1,1,Pampa,1,0.0,-1.3617278360175928,12.0
70,1,1,tiene,2,0.4166666666666667,-0.14612803567823793,12.0
70,1,1,el,3,0.8333333333333334,0.698970004336019,12.0
70,1,1,ombú,4,0.8333333333333334,0.698970004336019,12.0
70,1,1,y,5,0.8333333333333334,0.698970004336019,12.0
70,1,1,los,6,0.08333333333333333,-1.041392685158225,12.0
70,1,1,Andes,7,0.0,-1.3617278360175928,12.0
70,1,1,la,8,0.16666666666666666,-0.6989700043360189,12.0
70,1,1,cordillera,9,0.5833333333333334,0.14612803567823807,12.0
71,1,1,A,0,,,
71,1,1,Pinocho,1,0.0,-1.3617278360175928,12.0
71,1,1,le,2,0.9166666666666666,1.041392685158225,12.0
71,1,1,crecía,3,0.16666666666666666,-0.6989700043360189,12.0
71,1,1,la,4,1.0,1.3617278360175933,12.0
71,1,1,nariz,5,0.9166666666666666,1.041392685158225,12.0
71,1,1,cada,6,0.0,-1.3617278360175928,12.0
71,1,1,vez,7,0.9166666666666666,1.041392685158225,12.0
71,1,1,que,8,1.0,1.3617278360175933,12.0
71,1,1,mentía,9,1.0,1.3617278360175933,12.0
72,1,1,El,0,,,
72,1,1,Rey,1,0.0,-1.3617278360175928,12.0
72,1,1,Arturo,2,0.08333333333333333,-1.041392685158225,12.0
72,1,1,y,3,0.08333333333333333,-1.041392685158225,12.0
72,1,1,los,4,0.25,-0.4771212547196625,12.0
72,1,1,caballeros,5,0.25,-0.4771212547196625,12.0
72,1,1,de,6,0.6666666666666666,0.30102999566398114,12.0
72,1,1,la,7,0.6666666666666666,0.30102999566398114,12.0
72,1,1,mesa,8,0.3333333333333333,-0.30102999566398125,12.0
72,1,1,redonda,9,0.8333333333333334,0.698970004336019,12.0
73,1,1,El,0,,,
73,1,1,gato,1,0.08333333333333333,-1.041392685158225,12.0
73,1,1,atrapó,2,0.0,-1.3617278360175928,12.0
73,1,1,muchos,3,0.0,-1.3617278360175928,12.0
73,1,1,ratones,4,0.9166666666666666,1.041392685158225,12.0
74,1,1,En,0,,,
74,1,1,el,1,0.08333333333333333,-1.041392685158225,12.0
74,1,1,horno,2,0.0,-1.3617278360175928,12.0
74,1,1,de,3,0.0,-1.3617278360175928,12.0
74,1,1,la,4,0.16666666666666666,-0.6989700043360189,12.0
74,1,1,panadería,5,0.3333333333333333,-0.30102999566398125,12.0
74,1,1,cocinan,6,0.0,-1.3617278360175928,12.0
74,1,1,el,7,0.25,-0.4771212547196625,12.0
74,1,1,pan,8,1.0,1.3617278360175933,12.0
75,1,1,Los,0,,,
75,1,1,Reyes,1,0.0,-1.3617278360175928,12.0
75,1,1,Magos,2,0.5833333333333334,0.14612803567823807,12.0
75,1,1,dejaron,3,0.0,-1.3617278360175928,12.0
75,1,1,regalos,4,0.5833333333333334,0.14612803567823807,12.0
75,1,1,para,5,0.25,-0.4771212547196625,12.0
75,1,1,los,6,0.75,0.47712125471966244,12.0
75,1,1,niños,7,0.75,0.47712125471966244,12.0
76,1,0,Mejor,0,,,
76,1,0,no,1,0.0,-1.3617278360175928,12.0
76,1,0,hablar,2,0.0,-1.3617278360175928,12.0
76,1,0,de,3,0.3333333333333333,-0.30102999566398125,12.0
76,1,0,ciertas,4,0.0,-1.3617278360175928,12.0
76,1,0,cosas,5,0.8333333333333334,0.698970004336019,12.0
77,1,1,El,0,,,
77,1,1,corazón,1,0.0,-1.3617278360175928,12.0
77,1,1,es,2,0.16666666666666666,-0.6989700043360189,12.0
77,1,1,un,3,0.5833333333333334,0.14612803567823807,12.0
77,1,1,músculo,4,0.16666666666666666,-0.6989700043360189,12.0
77,1,1,que,5,0.4166666666666667,-0.14612803567823793,12.0
77,1,1,bombea,6,0.16666666666666666,-0.6989700043360189,12.0
77,1,1,sangre,7,0.4166666666666667,-0.14612803567823793,12.0
78,1,1,Si,0,,,
78,1,1,quieres,1,0.08333333333333333,-1.041392685158225,12.0
78,1,1,resultados,2,0.0,-1.3617278360175928,12.0
78,1,1,distintos,3,0.0,-1.3617278360175928,12.0
78,1,1,no,4,0.0,-1.3617278360175928,12.0
78,1,1,hagas,5,0.4166666666666667,-0.14612803567823793,12.0
78,1,1,siempre,6,0.0,-1.3617278360175928,12.0
78,1,1,lo,7,0.75,0.47712125471966244,12.0
78,1,1,mismo,8,0.9166666666666666,1.041392685158225,12.0
79,1,0,Lo,0,,,
79,1,0,esencial,1,0.0,-1.3617278360175928,12.0
79,1,0,es,2,0.6666666666666666,0.30102999566398114,12.0
79,1,0,invisible,3,0.5,0.0,12.0
79,1,0,a,4,0.8333333333333334,0.698970004336019,12.0
79,1,0,los,5,0.6666666666666666,0.30102999566398114,12.0
79,1,0,ojos,6,0.8333333333333334,0.698970004336019,12.0
80,1,1,El,0,,,
80,1,1,arco,1,0.0,-1.3617278360175928,12.0
80,1,1,iris,2,0.16666666666666666,-0.6989700043360189,12.0
80,1,1,se,3,0.0,-1.3617278360175928,12.0
80,1,1,forma,4,0.08333333333333333,-1.041392685158225,12.0
80,1,1,luego,5,0.08333333333333333,-1.041392685158225,12.0
80,1,1,de,6,0.9166666666666666,1.041392685158225,12.0
80,1,1,la,7,0.75,0.47712125471966244,12.0
80,1,1,lluvia,8,0.75,0.47712125471966244,12.0
81,1,1,No,0,,,
81,1,1,te,1,0.0,-1.3617278360175928,12.0
81,1,1,des,2,0.0,-1.3617278360175928,12.0
81,1,1,por,3,0.5,0.0,12.0
81,1,1,vencido,4,0.5833333333333334,0.14612803567823807,12.0
81,1,1,ni,5,0.6666666666666666,0.30102999566398114,12.0
81,1,1,aún,6,0.6666666666666666,0.30102999566398114,12.0
81,1,1,vencido,7,0.9166666666666666,1.041392685158225,12.0
82,1,1,Hasta,0,,,
82,1,1,aquí,1,0.0,-1.3617278360175928,12.0
82,1,1,llegó,2,0.0,-1.3617278360175928,12.0
82,1,1,mi,3,0.5833333333333334,0.14612803567823807,12.0
82,1,1,amor,4,0.5833333333333334,0.14612803567823807,12.0
83,1,1,El,0,,,
83,1,1,fumar,1,0.0,-1.3617278360175928,12.0
83,1,1,es,2,0.5,0.0,12.0
83,1,1,perjudicial,3,0.5833333333333334,0.14612803567823807,12.0
83,1,1,para,4,1.0,1.3617278360175933,12.0
83,1,1,la,5,1.0,1.3617278360175933,12.0
83,1,1,salud,6,1.0,1.3617278360175933,12.0
84,1,1,Quién,0,,,
84,1,1,se,1,0.0,-1.3979400086720375,13.0
84,1,1,ha,2,0.0,-1.3979400086720375,13.0
84,1,1,tomado,3,0.07692307692307693,-1.0791812460476249,13.0
84,1,1,todo,4,0.3076923076923077,-0.3521825181113625,13.0
84,1,1,el,5,0.46153846153846156,-0.06694678963061317,13.0
84,1,1,vino,6,0.8461538461538461,0.7403626894942439,13.0
85,1,1,En,0,,,
85,1,1,el,1,0.09090909090909091,-1.0,11.0
85,1,1,tambo,2,0.0,-1.3222192947339193,11.0
85,1,1,ordeñan,3,0.09090909090909091,-1.0,11.0
85,1,1,a,4,0.18181818181818182,-0.6532125137753436,11.0
85,1,1,las,5,0.9090909090909091,0.9999999999999998,11.0
85,1,1,vacas,6,1.0,1.3222192947339197,11.0
86,1,1,No,0,,,
86,1,1,desearás,1,0.0,-1.3617278360175928,12.0
86,1,1,a,2,0.16666666666666666,-0.6989700043360189,12.0
86,1,1,la,3,0.75,0.47712125471966244,12.0
86,1,1,mujer,4,0.8333333333333334,0.698970004336019,12.0
86,1,1,de,5,0.9166666666666666,1.041392685158225,12.0
86,1,1,tu,6,0.9166666666666666,1.041392685158225,12.0
86,1,1,prójimo,7,0.9166666666666666,1.041392685158225,12.0
87,1,1,Las,0,,,
87,1,1,cosas,1,0.08333333333333333,-1.041392685158225,12.0
87,1,1,se,2,0.08333333333333333,-1.041392685158225,12.0
87,1,1,hacen,3,0.08333333333333333,-1.041392685158225,12.0
87,1,1,bien,4,0.4166666666666667,-0.14612803567823793,12.0
87,1,1,o,5,0.8333333333333334,0.698970004336019,12.0
87,1,1,no,6,0.8333333333333334,0.698970004336019,12.0
87,1,1,se,7,0.9166666666666666,1.041392685158225,12.0
87,1,1,hacen,8,1.0,1.3617278360175933,12.0
88,1,1,Los,0,,,
88,1,1,ateos,1,0.0,-1.3617278360175928,12.0
88,1,1,no,2,0.6666666666666666,0.30102999566398114,12.0
88,1,1,creen,3,0.9166666666666666,1.041392685158225,12.0
88,1,1,en,4,0.9166666666666666,1.041392685158225,12.0
88,1,1,Dios,5,0.9166666666666666,1.041392685158225,12.0
89,1,1,Hoy,0,,,
89,1,1,es,1,0.6666666666666666,0.30102999566398114,12.0
89,1,1,noche,2,0.0,-1.3617278360175928,12.0
89,1,1,buena,3,0.16666666666666666,-0.6989700043360189,12.0
89,1,1,y,4,0.75,0.47712125471966244,12.0
89,1,1,mañana,5,0.9166666666666666,1.041392685158225,12.0
89,1,1,navidad,6,0.5,0.0,12.0
90,2,1,En,0,,,
90,2,1,la,1,0.08333333333333333,-1.041392685158225,12.0
90,2,1,casa,2,0.3333333333333333,-0.30102999566398125,12.0
90,2,1,de,3,0.75,0.47712125471966244,12.0
90,2,1,Juan,4,0.25,-0.4771212547196625,12.0
90,2,1,no,5,0.25,-0.4771212547196625,12.0
90,2,1,hay,6,0.6666666666666666,0.30102999566398114,12.0
90,2,1,animales,7,0.0,-1.3617278360175928,12.0
91,2,1,Javier,0,,,
91,2,1,tiene,1,0.0,-1.3617278360175928,12.0
91,2,1,amigos,2,0.0,-1.3617278360175928,12.0
91,2,1,que,3,0.08333333333333333,-1.041392685158225,12.0
91,2,1,son,4,0.0,-1.3617278360175928,12.0
91,2,1,muy,5,0.4166666666666667,-0.14612803567823793,12.0
91,2,1,raros,6,0.0,-1.3617278360175928,12.0
92,2,1,Jorge,0,,,
92,2,1,consiguió,1,0.0,-1.3222192947339193,11.0
92,2,1,una,2,0.0,-1.3222192947339193,11.0
92,2,1,beca,3,0.45454545454545453,-0.07918124604762482,11.0
92,2,1,para,4,0.5454545454545454,0.07918124604762472,11.0
92,2,1,estudiar,5,0.7272727272727273,0.42596873227228116,11.0
92,2,1,en,6,0.7272727272727273,0.42596873227228116,11.0
92,2,1,la,7,0.7272727272727273,0.42596873227228116,11.0
92,2,1,universidad,8,1.0,1.3222192947339197,11.0
93,2,1,Gustavo,0,,,
93,2,1,encontró,1,0.0,-1.3979400086720375,13.0
93,2,1,una,2,0.38461538461538464,-0.2041199826559248,13.0
93,2,1,billetera,3,0.15384615384615385,-0.7403626894942439,13.0
93,2,1,tirada,4,0.0,-1.3979400086720375,13.0
93,2,1,en,5,0.6153846153846154,0.20411998265592485,13.0
93,2,1,el,6,0.15384615384615385,-0.7403626894942439,13.0
93,2,1,bar,7,0.0,-1.3979400086720375,13.0
94,2,1,Luis,0,,,
94,2,1,miró,1,0.0,-1.3617278360175928,12.0
94,2,1,todo,2,0.0,-1.3617278360175928,12.0
94,2,1,el,3,0.08333333333333333,-1.041392685158225,12.0
94,2,1,partido,4,0.08333333333333333,-1.041392685158225,12.0
94,2,1,de,5,0.3333333333333333,-0.30102999566398125,12.0
94,2,1,fútbol,6,0.5,0.0,12.0
95,2,1,A,0,,,
95,2,1,Mario,1,0.0,-1.3222192947339193,11.0
95,2,1,le,2,0.8181818181818182,0.6532125137753438,11.0
95,2,1,gusta,3,0.36363636363636365,-0.24303804868629436,11.0
95,2,1,ver,4,0.0,-1.3222192947339193,11.0
95,2,1,cine,5,0.0,-1.3222192947339193,11.0
95,2,1,los,6,0.0,-1.3222192947339193,11.0
95,2,1,domingos,7,0.36363636363636365,-0.24303804868629436,11.0
96,2,1,La,0,,,
96,2,1,casa,1,0.0,-1.3617278360175928,12.0
96,2,1,de,2,0.25,-0.4771212547196625,12.0
96,2,1,Martín,3,0.0,-1.3617278360175928,12.0
96,2,1,tiene,4,0.0,-1.3617278360175928,12.0
96,2,1,un,5,0.25,-0.4771212547196625,12.0
96,2,1,parque,6,0.08333333333333333,-1.041392685158225,12.0
96,2,1,muy,7,0.75,0.47712125471966244,12.0
96,2,1,grande,8,0.5,0.0,12.0
97,2,1,Juan,0,,,
97,2,1,no,1,0.0,-1.3617278360175928,12.0
97,2,1,anda,2,0.0,-1.3617278360175928,12.0
97,2,1,bien,3,0.16666666666666666,-0.6989700043360189,12.0
97,2,1,con,4,0.0,-1.3617278360175928,12.0
97,2,1,su,5,0.25,-0.4771212547196625,12.0
97,2,1,pareja,6,0.0,-1.3617278360175928,12.0
98,2,1,La,0,,,
98,2,1,película,1,0.0,-1.3222192947339193,11.0
98,2,1,terminó,2,0.0,-1.3222192947339193,11.0
98,2,1,de,3,0.0,-1.3222192947339193,11.0
98,2,1,forma,4,0.09090909090909091,-1.0,11.0
98,2,1,extraña,5,0.0,-1.3222192947339193,11.0
99,2,1,Luis,0,,,
99,2,1,visitó,1,0.0,-1.3222192947339193,11.0
99,2,1,el,2,0.0,-1.3222192947339193,11.0
99,2,1,mes,3,0.0,-1.3222192947339193,11.0
99,2,1,pasado,4,0.7272727272727273,0.42596873227228116,11.0
99,2,1,a,5,0.5454545454545454,0.07918124604762472,11.0
99,2,1,unos,6,0.0,-1.3222192947339193,11.0
99,2,1,parientes,7,0.18181818181818182,-0.6532125137753436,11.0
99,2,1,de,8,0.09090909090909091,-1.0,11.0
99,2,1,Europa,9,0.0,-1.3222192947339193,11.0
100,2,1,Laura,0,,,
100,2,1,me,1,0.0,-1.3617278360175928,12.0
100,2,1,recomendó,2,0.0,-1.3617278360175928,12.0
100,2,1,consultar,3,0.0,-1.3617278360175928,12.0
100,2,1,urgente,4,0.0,-1.3617278360175928,12.0
100,2,1,al,5,0.16666666666666666,-0.6989700043360189,12.0
100,2,1,médico,6,0.9166666666666666,1.041392685158225,12.0
101,2,1,En,0,,,
101,2,1,Londres,1,0.0,-1.3617278360175928,12.0
101,2,1,el,2,0.0,-1.3617278360175928,12.0
101,2,1,clima,3,0.16666666666666666,-0.6989700043360189,12.0
101,2,1,es,4,0.9166666666666666,1.041392685158225,12.0
101,2,1,muy,5,0.4166666666666667,-0.14612803567823793,12.0
101,2,1,húmedo,6,0.5833333333333334,0.14612803567823807,12.0
102,2,1,A,0,,,
102,2,1,Miguel,1,0.0,-1.3617278360175928,12.0
102,2,1,le,2,0.75,0.47712125471966244,12.0
102,2,1,entregaron,3,0.0,-1.3617278360175928,12.0
102,2,1,ayer,4,0.0,-1.3617278360175928,12.0
102,2,1,el,5,0.16666666666666666,-0.6989700043360189,12.0
102,2,1,auto,6,0.16666666666666666,-0.6989700043360189,12.0
102,2,1,nuevo,7,0.8333333333333334,0.698970004336019,12.0
103,2,1,Elisa,0,,,
103,2,1,nunca,1,0.0,-1.3617278360175928,12.0
103,2,1,supo,2,0.0,-1.3617278360175928,12.0
103,2,1,cómo,3,0.0,-1.3617278360175928,12.0
103,2,1,resolver,4,0.0,-1.3617278360175928,12.0
103,2,1,el,5,0.6666666666666666,0.30102999566398114,12.0
103,2,1,problema,6,0.9166666666666666,1.041392685158225,12.0
104,2,1,Ayer,0,,,
104,2,1,charlamos,1,0.0,-1.3617278360175928,12.0
104,2,1,con,2,0.25,-0.4771212547196625,12.0
104,2,1,Laura,3,0.0,-1.3617278360175928,12.0
104,2,1,sobre,4,0.3333333333333333,-0.30102999566398125,12.0
104,2,1,su,5,0.0,-1.3617278360175928,12.0
104,2,1,hija,6,0.0,-1.3617278360175928,12.0
105,2,1,La,0,,,
105,2,1,discusión,1,0.0,-1.3617278360175928,12.0
105,2,1,de,2,0.08333333333333333,-1.041392685158225,12.0
105,2,1,ayer,3,0.0,-1.3617278360175928,12.0
105,2,1,era,4,0.08333333333333333,-1.041392685158225,12.0
105,2,1,inevitable,5,0.0,-1.3617278360175928,12.0
106,2,1,Daniel,0,,,
106,2,1,preparó,1,0.0,-1.3617278360175928,12.0
106,2,1,café,2,0.0,-1.3617278360175928,12.0
106,2,1,para,3,0.4166666666666667,-0.14612803567823793,12.0
106,2,1,sus,4,0.16666666666666666,-0.6989700043360189,12.0
106,2,1,amigos,5,0.8333333333333334,0.698970004336019,12.0
107,2,1,No,0,,,
107,2,1,fueron,1,0.0,-1.3617278360175928,12.0
107,2,1,claras,2,0.0,-1.3617278360175928,12.0
107,2,1,las,3,0.75,0.47712125471966244,12.0
107,2,1,cuentas,4,0.0,-1.3617278360175928,12.0
107,2,1,de,5,0.08333333333333333,-1.041392685158225,12.0
107,2,1,la,6,0.4166666666666667,-0.14612803567823793,12.0
107,2,1,empresa,7,0.25,-0.4771212547196625,12.0
108,2,1,Los,0,,,
108,2,1,amigos,1,0.08333333333333333,-1.041392685158225,12.0
108,2,1,lo,2,0.0,-1.3617278360175928,12.0
108,2,1,acompañaron,3,0.0,-1.3617278360175928,12.0
108,2,1,en,4,0.16666666666666666,-0.6989700043360189,12.0
108,2,1,ese,5,0.0,-1.3617278360175928,12.0
108,2,1,momento,6,0.5,0.0,12.0
109,2,1,La,0,,,
109,2,1,picadura,1,0.0,-1.3617278360175928,12.0
109,2,1,de,2,0.75,0.47712125471966244,12.0
109,2,1,ciertas,3,0.0,-1.3617278360175928,12.0
109,2,1,arañas,4,0.3333333333333333,-0.30102999566398125,12.0
109,2,1,puede,5,0.08333333333333333,-1.041392685158225,12.0
109,2,1,ser,6,0.6666666666666666,0.30102999566398114,12.0
109,2,1,mortal,7,0.25,-0.4771212547196625,12.0
110,2,1,Tanto,0,,,
110,2,1,insistió,1,0.0,-1.3222192947339193,11.0
110,2,1,con,2,0.0,-1.3222192947339193,11.0
110,2,1,eso,3,0.0,-1.3222192947339193,11.0
110,2,1,que,4,0.9090909090909091,0.9999999999999998,11.0
110,2,1,al,5,0.45454545454545453,-0.07918124604762482,11.0
110,2,1,final,6,0.7272727272727273,0.42596873227228116,11.0
110,2,1,se,7,0.09090909090909091,-1.0,11.0
110,2,1,lo,8,0.09090909090909091,-1.0,11.0
110,2,1,dieron,9,0.18181818181818182,-0.6532125137753436,11.0
111,2,1,El,0,,,
111,2,1,mago,1,0.0,-1.3617278360175928,12.0
111,2,1,hizo,2,0.08333333333333333,-1.041392685158225,12.0
111,2,1,trucos,3,0.0,-1.3617278360175928,12.0
111,2,1,con,4,0.16666666666666666,-0.6989700043360189,12.0
111,2,1,cartas,5,0.16666666666666666,-0.6989700043360189,12.0
112,2,1,Los,0,,,
112,2,1,niños,1,0.16666666666666666,-0.6989700043360189,12.0
112,2,1,se,2,0.0,-1.3617278360175928,12.0
112,2,1,asustaron,3,0.0,-1.3617278360175928,12.0
112,2,1,cuando,4,0.0,-1.3617278360175928,12.0
112,2,1,vieron,5,0.5,0.0,12.0
112,2,1,a,6,0.0,-1.3617278360175928,12.0
112,2,1,los,7,0.08333333333333333,-1.041392685158225,12.0
112,2,1,leones,8,0.25,-0.4771212547196625,12.0
113,2,1,A,0,,,
113,2,1,Luis,1,0.0,-1.3617278360175928,12.0
113,2,1,no,2,0.08333333333333333,-1.041392685158225,12.0
113,2,1,lo,3,0.08333333333333333,-1.041392685158225,12.0
113,2,1,engañan,4,0.16666666666666666,-0.6989700043360189,12.0
113,2,1,con,5,0.25,-0.4771212547196625,12.0
113,2,1,ese,6,0.0,-1.3617278360175928,12.0
113,2,1,viejo,7,0.0,-1.3617278360175928,12.0
113,2,1,truco,8,0.25,-0.4771212547196625,12.0
114,2,1,Los,0,,,
114,2,1,hijos,1,0.0,-1.3617278360175928,12.0
114,2,1,de,2,0.25,-0.4771212547196625,12.0
114,2,1,Juan,3,0.08333333333333333,-1.041392685158225,12.0
114,2,1,estudiaron,4,0.0,-1.3617278360175928,12.0
114,2,1,durante,5,0.0,-1.3617278360175928,12.0
114,2,1,las,6,0.3333333333333333,-0.30102999566398125,12.0
114,2,1,vacaciones,7,0.9166666666666666,1.041392685158225,12.0
115,2,1,El,0,,,
115,2,1,hermano,1,0.0,-1.3617278360175928,12.0
115,2,1,de,2,0.6666666666666666,0.30102999566398114,12.0
115,2,1,Martín,3,0.0,-1.3617278360175928,12.0
115,2,1,es,4,0.3333333333333333,-0.30102999566398125,12.0
115,2,1,un,5,0.0,-1.3617278360175928,12.0
115,2,1,médico,6,0.0,-1.3617278360175928,12.0
115,2,1,muy,7,0.25,-0.4771212547196625,12.0
115,2,1,prestigioso,8,0.16666666666666666,-0.6989700043360189,12.0
116,2,1,Este,0,,,
116,2,1,año,1,0.0,-1.3617278360175928,12.0
116,2,1,iremos,2,0.0,-1.3617278360175928,12.0
116,2,1,de,3,0.4166666666666667,-0.14612803567823793,12.0
116,2,1,vacaciones,4,0.6666666666666666,0.30102999566398114,12.0
116,2,1,a,5,0.75,0.47712125471966244,12.0
116,2,1,la,6,0.6666666666666666,0.30102999566398114,12.0
116,2,1,montaña,7,0.16666666666666666,-0.6989700043360189,12.0
117,2,1,La,0,,,
117,2,1,madre,1,0.0,-1.3617278360175928,12.0
117,2,1,de,2,0.16666666666666666,-0.6989700043360189,12.0
117,2,1,Mariela,3,0.0,-1.3617278360175928,12.0
117,2,1,es,4,0.6666666666666666,0.30102999566398114,12.0
117,2,1,una,5,0.25,-0.4771212547196625,12.0
117,2,1,muy,6,0.0,-1.3617278360175928,12.0
117,2,1,buena,7,0.5833333333333334,0.14612803567823807,12.0
117,2,1,repostera,8,0.0,-1.3617278360175928,12.0
118,2,1,Durante,0,,,
118,2,1,la,1,0.5,0.0,12.0
118,2,1,noche,2,0.08333333333333333,-1.041392685158225,12.0
118,2,1,algunos,3,0.0,-1.3617278360175928,12.0
118,2,1,felinos,4,0.0,-1.3617278360175928,12.0
118,2,1,salen,5,0.16666666666666666,-0.6989700043360189,12.0
118,2,1,a,6,0.6666666666666666,0.30102999566398114,12.0
118,2,1,cazar,7,0.3333333333333333,-0.30102999566398125,12.0
119,2,1,El,0,,,
119,2,1,oro,1,0.0,-1.3617278360175928,12.0
119,2,1,es,2,0.3333333333333333,-0.30102999566398125,12.0
119,2,1,un,3,0.6666666666666666,0.30102999566398114,12.0
119,2,1,metal,4,0.9166666666666666,1.041392685158225,12.0
119,2,1,muy,5,0.0,-1.3617278360175928,12.0
119,2,1,codiciado,6,0.0,-1.3617278360175928,12.0
120,2,1,Algunos,0,,,
120,2,1,días,1,0.0,-1.3617278360175928,12.0
120,2,1,el,2,0.0,-1.3617278360175928,12.0
120,2,1,cielo,3,0.08333333333333333,-1.041392685158225,12.0
120,2,1,está,4,0.8333333333333334,0.698970004336019,12.0
120,2,1,todo,5,0.0,-1.3617278360175928,12.0
120,2,1,estrellado,6,0.0,-1.3617278360175928,12.0
121,2,1,Juan,0,,,
121,2,1,tiene,1,0.25,-0.4771212547196625,12.0
121,2,1,muy,2,0.0,-1.3617278360175928,12.0
121,2,1,poca,3,0.0,-1.3617278360175928,12.0
121,2,1,visión,4,0.0,-1.3617278360175928,12.0
121,2,1,en,5,0.0,-1.3617278360175928,12.0
121,2,1,ambos,6,0.0,-1.3617278360175928,12.0
121,2,1,ojos,7,1.0,1.3617278360175933,12.0
122,2,1,El,0,,,
122,2,1,patrón,1,0.08333333333333333,-1.041392685158225,12.0
122,2,1,le,2,0.16666666666666666,-0.6989700043360189,12.0
122,2,1,ordenó,3,0.08333333333333333,-1.041392685158225,12.0
122,2,1,a,4,0.08333333333333333,-1.041392685158225,12.0
122,2,1,la,5,0.08333333333333333,-1.041392685158225,12.0
122,2,1,criada,6,0.08333333333333333,-1.041392685158225,12.0
122,2,1,callarse,7,0.08333333333333333,-1.041392685158225,12.0
123,2,1,Él,0,,,
123,2,1,se,1,0.08333333333333333,-1.041392685158225,12.0
123,2,1,encontró,2,0.0,-1.3617278360175928,12.0
123,2,1,con,3,0.6666666666666666,0.30102999566398114,12.0
123,2,1,María,4,0.0,-1.3617278360175928,12.0
123,2,1,el,5,0.08333333333333333,-1.041392685158225,12.0
123,2,1,otro,6,0.0,-1.3617278360175928,12.0
123,2,1,día,7,0.75,0.47712125471966244,12.0
124,2,1,En,0,,,
124,2,1,su,1,0.0,-1.3617278360175928,12.0
124,2,1,casa,2,0.5833333333333334,0.14612803567823807,12.0
124,2,1,siempre,3,0.0,-1.3617278360175928,12.0
124,2,1,hacen,4,0.0,-1.3617278360175928,12.0
124,2,1,comidas,5,0.0,-1.3617278360175928,12.0
124,2,1,muy,6,0.25,-0.4771212547196625,12.0
124,2,1,elaboradas,7,0.08333333333333333,-1.041392685158225,12.0
125,2,1,Los,0,,,
125,2,1,loros,1,0.0,-1.3222192947339193,11.0
125,2,1,comieron,2,0.0,-1.3222192947339193,11.0
125,2,1,la,3,0.0,-1.3222192947339193,11.0
125,2,1,plantación,4,0.0,-1.3222192947339193,11.0
125,2,1,de,5,0.7272727272727273,0.42596873227228116,11.0
125,2,1,maíz,6,0.2727272727272727,-0.4259687322722812,11.0
126,2,1,María,0,,,
126,2,1,nunca,1,0.0,-1.3617278360175928,12.0
126,2,1,ha,2,0.0,-1.3617278360175928,12.0
126,2,1,hecho,3,0.08333333333333333,-1.041392685158225,12.0
126,2,1,llorar,4,0.0,-1.3617278360175928,12.0
126,2,1,a,5,1.0,1.3617278360175933,12.0
126,2,1,sus,6,0.0,-1.3617278360175928,12.0
126,2,1,padres,7,0.25,-0.4771212547196625,12.0
127,2,1,Cada,0,,,
127,2,1,lengua,1,0.0,-1.3617278360175928,12.0
127,2,1,del,2,0.0,-1.3617278360175928,12.0
127,2,1,mundo,3,0.25,-0.4771212547196625,12.0
127,2,1,posee,4,0.0,-1.3617278360175928,12.0
127,2,1,una,5,0.0,-1.3617278360175928,12.0
127,2,1,gramática,6,0.08333333333333333,-1.041392685158225,12.0
128,2,1,El,0,,,
128,2,1,destino,1,0.0,-1.3617278360175928,12.0
128,2,1,volvió,2,0.0,-1.3617278360175928,12.0
128,2,1,a,3,0.75,0.47712125471966244,12.0
128,2,1,unir,4,0.0,-1.3617278360175928,12.0
128,2,1,a,5,0.5833333333333334,0.14612803567823807,12.0
128,2,1,los,6,0.5833333333333334,0.14612803567823807,12.0
128,2,1,amigos,7,0.25,-0.4771212547196625,12.0
129,2,1,En,0,,,
129,2,1,el,1,0.08333333333333333,-1.041392685158225,12.0
129,2,1,tribunal,2,0.0,-1.3617278360175928,12.0
129,2,1,la,3,0.0,-1.3617278360175928,12.0
129,2,1,votación,4,0.0,-1.3617278360175928,12.0
129,2,1,fue,5,0.5833333333333334,0.14612803567823807,12.0
129,2,1,reñida,6,0.0,-1.3617278360175928,12.0
