id_orac,id_orac_online,tipo_orac_x,palabra_x,palNum,pred_x,logit_pred_x,nCompletadas_x,tipo_orac_y,tipo_orac_new,palabra_y,pred_y,logit_pred_y,nCompletadas_y
11,10.0,0,Quien,0,0.111111111111111,-1.03972077083992,18,0,0,Quien,,,
11,10.0,0,mucho,1,0.111111111111111,-1.03972077083992,18,0,0,mucho,0.0,-1.3617278360175928,12.0
11,10.0,0,abarca,2,0.666666666666667,0.346573590279973,18,0,0,abarca,0.8333333333333334,0.698970004336019,12.0
11,10.0,0,poco,3,0.944444444444444,1.41660667202811,18,0,0,poco,0.8333333333333334,0.698970004336019,12.0
11,10.0,0,aprieta.,4,0.944444444444444,1.41660667202811,18,0,0,aprieta,1.0,1.3617278360175933,12.0
12,50.0,1,Aquiles,0,0.0,-1.77767403074471,18,1,1,Aquiles,,,
12,50.0,1,luchó,1,0.0,-1.77767403074471,18,1,1,luchó,0.0,-1.3617278360175928,12.0
12,50.0,1,en,2,0.166666666666667,-0.8047189562170501,18,1,1,en,0.16666666666666666,-0.6989700043360189,12.0
12,50.0,1,la,3,0.666666666666667,0.346573590279973,18,1,1,la,0.25,-0.4771212547196625,12.0
12,50.0,1,Guerra,4,0.33333333333333304,-0.346573590279973,18,1,1,Guerra,0.6666666666666666,0.30102999566398114,12.0
12,50.0,1,de,5,0.944444444444444,1.41660667202811,18,1,1,de,0.4166666666666667,-0.14612803567823793,12.0
12,50.0,1,Troya.,6,0.666666666666667,0.346573590279973,18,1,1,Troya,0.08333333333333333,-1.041392685158225,12.0
14,11.0,0,En,0,0.111111111111111,-1.03972077083992,18,0,0,En,,,
14,11.0,0,casa,1,0.0,-1.77767403074471,18,0,0,casa,0.08333333333333333,-1.041392685158225,12.0
14,11.0,0,de,2,0.444444444444444,-0.111571775657105,18,0,0,de,0.5833333333333334,0.14612803567823807,12.0
14,11.0,0,herrero,3,0.444444444444444,-0.111571775657105,18,0,0,herrero,0.75,0.4771212547196624,12.0
14,11.0,0,cuchillo,4,0.944444444444444,1.41660667202811,18,0,0,cuchillo,1.0,1.3617278360175933,12.0
14,11.0,0,de,5,1.0,1.77767403074471,18,0,0,de,1.0,1.3617278360175933,12.0
14,11.0,0,palo.,6,1.0,1.77767403074471,18,0,0,palo,1.0,1.3617278360175933,12.0
15,51.0,1,En,0,0.0,-1.77767403074471,18,1,1,En,,,
15,51.0,1,Alaska,1,0.0,-1.77767403074471,18,1,1,Alaska,0.0,-1.3617278360175928,12.0
15,51.0,1,las,2,0.0,-1.77767403074471,18,1,1,las,0.0,-1.3617278360175928,12.0
15,51.0,1,temperaturas,3,0.0555555555555556,-1.41660667202811,18,1,1,temperaturas,0.0,-1.3617278360175928,12.0
15,51.0,1,son,4,1.0,1.77767403074471,18,1,1,son,0.9166666666666666,1.041392685158225,12.0
15,51.0,1,muy,5,0.5,0.0,18,1,1,muy,0.75,0.4771212547196624,12.0
15,51.0,1,bajas.,6,0.944444444444444,1.41660667202811,18,1,1,bajas,0.75,0.4771212547196624,12.0
16,90.0,2,En,0,0.111111111111111,-1.03972077083992,18,2,1,En,,,
16,90.0,2,la,1,0.277777777777778,-0.477755722513718,18,2,1,la,0.08333333333333333,-1.041392685158225,12.0
16,90.0,2,casa,2,0.277777777777778,-0.477755722513718,18,2,1,casa,0.3333333333333333,-0.30102999566398125,12.0
16,90.0,2,de,3,0.8888888888888891,1.03972077083992,18,2,1,de,0.75,0.4771212547196624,12.0
16,90.0,2,Juan,4,0.222222222222222,-0.6263814842476839,18,2,1,Juan,0.25,-0.4771212547196625,12.0
16,90.0,2,no,5,0.0555555555555556,-1.41660667202811,18,2,1,no,0.25,-0.4771212547196625,12.0
16,90.0,2,hay,6,0.7777777777777779,0.6263814842476839,18,2,1,hay,0.6666666666666666,0.30102999566398114,12.0
16,90.0,2,animales.,7,0.0,-1.77767403074471,18,2,1,animales,0.0,-1.3617278360175928,12.0
17,12.0,0,Al,0,0.0,-1.77767403074471,18,0,0,Al,,,
17,12.0,0,mal,1,0.0,-1.77767403074471,18,0,0,mal,0.0,-1.3617278360175928,12.0
17,12.0,0,tiempo,2,0.444444444444444,-0.111571775657105,18,0,0,tiempo,0.5833333333333334,0.14612803567823807,12.0
17,12.0,0,buena,3,0.8888888888888891,1.03972077083992,18,0,0,buena,0.9166666666666666,1.041392685158225,12.0
17,12.0,0,cara.,4,0.944444444444444,1.41660667202811,18,0,0,cara,0.9166666666666666,1.041392685158225,12.0
20,13.0,0,Cuando,0,0.0,-1.77767403074471,18,0,0,Cuando,,,
20,13.0,0,hay,1,0.0555555555555556,-1.41660667202811,18,0,0,hay,0.0,-1.3617278360175928,12.0
20,13.0,0,hambre,2,0.33333333333333304,-0.346573590279973,18,0,0,hambre,0.25,-0.4771212547196625,12.0
20,13.0,0,no,3,0.8888888888888891,1.03972077083992,18,0,0,no,0.75,0.4771212547196624,12.0
20,13.0,0,hay,4,1.0,1.77767403074471,18,0,0,hay,0.75,0.4771212547196624,12.0
20,13.0,0,pan,5,0.944444444444444,1.41660667202811,18,0,0,pan,0.75,0.4771212547196624,12.0
20,13.0,0,duro.,6,0.8888888888888891,1.03972077083992,18,0,0,duro,0.8333333333333334,0.698970004336019,12.0
21,91.0,2,Javier,0,0.0,-1.77767403074471,18,2,1,Javier,,,
21,91.0,2,tiene,1,0.0555555555555556,-1.41660667202811,18,2,1,tiene,0.0,-1.3617278360175928,12.0
21,91.0,2,amigos,2,0.0,-1.77767403074471,18,2,1,amigos,0.0,-1.3617278360175928,12.0
21,91.0,2,que,3,0.0555555555555556,-1.41660667202811,18,2,1,que,0.08333333333333333,-1.041392685158225,12.0
21,91.0,2,son,4,0.444444444444444,-0.111571775657105,18,2,1,son,0.0,-1.3617278360175928,12.0
21,91.0,2,muy,5,0.38888888888888895,-0.225992561871529,18,2,1,muy,0.4166666666666667,-0.14612803567823793,12.0
21,91.0,2,raros.,6,0.0,-1.77767403074471,18,2,1,raros,0.0,-1.3617278360175928,12.0
22,14.0,0,Dios,0,0.0,-1.77767403074471,18,0,0,Dios,,,
22,14.0,0,le,1,0.0,-1.77767403074471,18,0,0,le,0.0,-1.3617278360175928,12.0
22,14.0,0,da,2,0.666666666666667,0.346573590279973,18,0,0,da,0.5,0.0,12.0
22,14.0,0,pan,3,0.7777777777777779,0.6263814842476839,18,0,0,pan,0.5,0.0,12.0
22,14.0,0,a,4,0.38888888888888895,-0.225992561871529,18,0,0,a,0.16666666666666666,-0.6989700043360189,12.0
22,14.0,0,quien,5,0.555555555555556,0.111571775657105,18,0,0,quien,0.5833333333333334,0.14612803567823807,12.0
22,14.0,0,no,6,0.8888888888888891,1.03972077083992,18,0,0,no,0.75,0.4771212547196624,12.0
22,14.0,0,tiene,7,0.944444444444444,1.41660667202811,18,0,0,tiene,0.8333333333333334,0.698970004336019,12.0
22,14.0,0,dientes.,8,0.8888888888888891,1.03972077083992,18,0,0,dientes,0.8333333333333334,0.698970004336019,12.0
23,52.0,1,Todos,0,0.0555555555555556,-1.41660667202811,18,1,0,Todos,,,
23,52.0,1,los,1,0.6111111111111109,0.225992561871529,18,1,0,los,0.25,-0.4771212547196625,12.0
23,52.0,1,caminos,2,0.0555555555555556,-1.41660667202811,18,1,0,caminos,0.0,-1.3617278360175928,12.0
23,52.0,1,conducen,3,0.7222222222222221,0.477755722513718,18,1,0,conducen,1.0,1.3617278360175933,12.0
23,52.0,1,a,4,1.0,1.77767403074471,18,1,0,a,0.75,0.4771212547196624,12.0
23,52.0,1,Roma.,5,0.944444444444444,1.41660667202811,18,1,0,Roma,1.0,1.3617278360175933,12.0
26,53.0,1,En,0,0.111111111111111,-1.03972077083992,18,1,1,En,,,
26,53.0,1,Alemania,1,0.0,-1.77767403074471,18,1,1,Alemania,0.0,-1.3617278360175928,12.0
26,53.0,1,tiraron,2,0.0,-1.77767403074471,18,1,1,tiraron,0.0,-1.3617278360175928,12.0
26,53.0,1,el,3,0.222222222222222,-0.6263814842476839,18,1,1,el,0.08333333333333333,-1.041392685158225,12.0
26,53.0,1,muro,4,0.666666666666667,0.346573590279973,18,1,1,muro,0.4166666666666667,-0.14612803567823793,12.0
26,53.0,1,de,5,0.944444444444444,1.41660667202811,18,1,1,de,0.75,0.4771212547196624,12.0
26,53.0,1,Berlín.,6,1.0,1.77767403074471,18,1,1,Berlín,0.8333333333333334,0.698970004336019,12.0
27,92.0,2,Jorge,0,0.0,-1.77767403074471,18,2,1,Jorge,,,
27,92.0,2,consiguió,1,0.0555555555555556,-1.41660667202811,18,2,1,consiguió,0.0,-1.3222192947339193,11.0
27,92.0,2,una,2,0.111111111111111,-1.03972077083992,18,2,1,una,0.0,-1.3222192947339193,11.0
27,92.0,2,beca,3,0.111111111111111,-1.03972077083992,18,2,1,beca,0.4545454545454545,-0.07918124604762483,11.0
27,92.0,2,para,4,0.6111111111111109,0.225992561871529,18,2,1,para,0.5454545454545454,0.07918124604762472,11.0
27,92.0,2,estudiar,5,0.33333333333333304,-0.346573590279973,18,2,1,estudiar,0.7272727272727273,0.4259687322722812,11.0
27,92.0,2,en,6,0.7222222222222221,0.477755722513718,18,2,1,en,0.7272727272727273,0.4259687322722812,11.0
27,92.0,2,la,7,0.444444444444444,-0.111571775657105,18,2,1,la,0.7272727272727273,0.4259687322722812,11.0
27,92.0,2,universidad.,8,0.8888888888888891,1.03972077083992,18,2,1,universidad,1.0,1.3222192947339195,11.0
28,15.0,0,A,0,0.0,-1.77767403074471,18,0,0,A,,,
28,15.0,0,palabras,1,0.0,-1.77767403074471,18,0,0,palabras,0.08333333333333333,-1.041392685158225,12.0
28,15.0,0,"necias,",2,0.7777777777777779,0.6263814842476839,18,0,0,necias,0.75,0.4771212547196624,12.0
28,15.0,0,oídos,3,1.0,1.77767403074471,18,0,0,oídos,1.0,1.3617278360175933,12.0
28,15.0,0,sordos.,4,1.0,1.77767403074471,18,0,0,sordos,1.0,1.3617278360175933,12.0
30,93.0,2,Gustavo,0,0.0,-1.77767403074471,18,2,1,Gustavo,,,
30,93.0,2,encontró,1,0.0,-1.77767403074471,18,2,1,encontró,0.0,-1.3979400086720375,13.0
30,93.0,2,una,2,0.5,0.0,18,2,1,una,0.38461538461538464,-0.2041199826559248,13.0
30,93.0,2,billetera,3,0.166666666666667,-0.8047189562170501,18,2,1,billetera,0.15384615384615385,-0.7403626894942439,13.0
30,93.0,2,tirada,4,0.111111111111111,-1.03972077083992,18,2,1,tirada,0.0,-1.3979400086720375,13.0
30,93.0,2,en,5,1.0,1.77767403074471,18,2,1,en,0.6153846153846154,0.20411998265592485,13.0
30,93.0,2,el,6,0.166666666666667,-0.8047189562170501,18,2,1,el,0.15384615384615385,-0.7403626894942439,13.0
30,93.0,2,bar.,7,0.0,-1.77767403074471,18,2,1,bar,0.0,-1.3979400086720375,13.0
31,16.0,0,Ojos,0,0.0,-1.77767403074471,18,0,0,Ojos,,,
31,16.0,0,que,1,0.944444444444444,1.41660667202811,18,0,0,que,0.8181818181818182,0.6532125137753438,11.0
31,16.0,0,no,2,1.0,1.77767403074471,18,0,0,no,0.9090909090909092,0.9999999999999998,11.0
31,16.0,0,ven,3,0.944444444444444,1.41660667202811,18,0,0,ven,1.0,1.3222192947339195,11.0
31,16.0,0,corazón,4,0.944444444444444,1.41660667202811,18,0,0,corazón,1.0,1.3222192947339195,11.0
31,16.0,0,que,5,1.0,1.77767403074471,18,0,0,que,1.0,1.3222192947339195,11.0
31,16.0,0,no,6,0.944444444444444,1.41660667202811,18,0,0,no,0.8181818181818182,0.6532125137753438,11.0
31,16.0,0,siente.,7,1.0,1.77767403074471,18,0,0,siente,0.8181818181818182,0.6532125137753438,11.0
32,94.0,2,Luis,0,0.0,-1.77767403074471,18,2,1,Luis,,,
32,94.0,2,miró,1,0.0,-1.77767403074471,18,2,1,miró,0.0,-1.3617278360175928,12.0
32,94.0,2,todo,2,0.0,-1.77767403074471,18,2,1,todo,0.0,-1.3617278360175928,12.0
32,94.0,2,el,3,0.111111111111111,-1.03972077083992,18,2,1,el,0.08333333333333333,-1.041392685158225,12.0
32,94.0,2,partido,4,0.0555555555555556,-1.41660667202811,18,2,1,partido,0.08333333333333333,-1.041392685158225,12.0
32,94.0,2,de,5,0.33333333333333304,-0.346573590279973,18,2,1,de,0.3333333333333333,-0.30102999566398125,12.0
32,94.0,2,fútbol.,6,0.7222222222222221,0.477755722513718,18,2,1,fútbol,0.5,0.0,12.0
33,54.0,1,Alemania,0,0.0,-1.77767403074471,18,1,1,Alemania,,,
33,54.0,1,perdió,1,0.0,-1.77767403074471,18,1,1,perdió,0.0,-1.3617278360175928,12.0
33,54.0,1,la,2,0.666666666666667,0.346573590279973,18,1,1,la,0.6666666666666666,0.30102999566398114,12.0
33,54.0,1,segunda,3,0.277777777777778,-0.477755722513718,18,1,1,segunda,0.16666666666666666,-0.6989700043360189,12.0
33,54.0,1,guerra,4,0.8888888888888891,1.03972077083992,18,1,1,guerra,1.0,1.3617278360175933,12.0
33,54.0,1,mundial.,5,1.0,1.77767403074471,18,1,1,mundial,0.8333333333333334,0.698970004336019,12.0
34,17.0,0,Al,0,0.0,-1.77767403074471,18,0,0,Al,,,
34,17.0,0,que,1,0.5,0.0,18,0,0,que,0.25,-0.4771212547196625,12.0
34,17.0,0,madruga,2,0.666666666666667,0.346573590279973,18,0,0,madruga,0.5,0.0,12.0
34,17.0,0,Dios,3,0.944444444444444,1.41660667202811,18,0,0,Dios,1.0,1.3617278360175933,12.0
34,17.0,0,lo,4,0.833333333333333,0.8047189562170501,18,0,0,lo,1.0,1.3617278360175933,12.0
34,17.0,0,ayuda.,5,0.944444444444444,1.41660667202811,18,0,0,ayuda,1.0,1.3617278360175933,12.0
36,95.0,2,A,0,0.0555555555555556,-1.41660667202811,18,2,1,A,,,
36,95.0,2,Mario,1,0.0,-1.77767403074471,18,2,1,Mario,0.0,-1.3222192947339193,11.0
36,95.0,2,le,2,0.7222222222222221,0.477755722513718,18,2,1,le,0.8181818181818182,0.6532125137753438,11.0
36,95.0,2,gusta,3,0.277777777777778,-0.477755722513718,18,2,1,gusta,0.3636363636363637,-0.2430380486862944,11.0
36,95.0,2,ver,4,0.0,-1.77767403074471,18,2,1,ver,0.0,-1.3222192947339193,11.0
36,95.0,2,cine,5,0.0,-1.77767403074471,18,2,1,cine,0.0,-1.3222192947339193,11.0
36,95.0,2,los,6,0.0555555555555556,-1.41660667202811,18,2,1,los,0.0,-1.3222192947339193,11.0
36,95.0,2,domingos.,7,0.38888888888888895,-0.225992561871529,18,2,1,domingos,0.3636363636363637,-0.2430380486862944,11.0
37,18.0,0,A,0,0.166666666666667,-0.8047189562170501,18,0,0,A,,,
37,18.0,0,caballo,1,0.111111111111111,-1.03972077083992,18,0,0,caballo,0.08333333333333333,-1.041392685158225,12.0
37,18.0,0,regalado,2,0.944444444444444,1.41660667202811,18,0,0,regalado,0.75,0.4771212547196624,12.0
37,18.0,0,no,3,1.0,1.77767403074471,18,0,0,no,0.9166666666666666,1.041392685158225,12.0
37,18.0,0,se,4,1.0,1.77767403074471,18,0,0,se,0.8333333333333334,0.698970004336019,12.0
37,18.0,0,le,5,1.0,1.77767403074471,18,0,0,le,0.8333333333333334,0.698970004336019,12.0
37,18.0,0,miran,6,0.944444444444444,1.41660667202811,18,0,0,miran,0.6666666666666666,0.30102999566398114,12.0
37,18.0,0,los,7,1.0,1.77767403074471,18,0,0,los,0.8333333333333334,0.698970004336019,12.0
37,18.0,0,dientes.,8,1.0,1.77767403074471,18,0,0,dientes,0.75,0.4771212547196624,12.0
38,55.0,1,A,0,0.33333333333333304,-0.346573590279973,18,1,1,A,,,
38,55.0,1,las,1,0.0555555555555556,-1.41660667202811,18,1,1,las,0.0,-1.3617278360175928,12.0
38,55.0,1,hojas,2,0.0,-1.77767403074471,18,1,1,hojas,0.0,-1.3617278360175928,12.0
38,55.0,1,las,3,0.0555555555555556,-1.41660667202811,18,1,1,las,0.16666666666666666,-0.6989700043360189,12.0
38,55.0,1,amontona,4,0.0,-1.77767403074471,18,1,1,amontona,0.0,-1.3617278360175928,12.0
38,55.0,1,el,5,0.944444444444444,1.41660667202811,18,1,1,el,1.0,1.3617278360175933,12.0
38,55.0,1,viento.,6,0.944444444444444,1.41660667202811,18,1,1,viento,1.0,1.3617278360175933,12.0
40,19.0,0,Más,0,0.0,-1.77767403074471,18,0,0,Más,,,
40,19.0,0,vale,1,0.33333333333333304,-0.346573590279973,18,0,0,vale,0.6666666666666666,0.30102999566398114,12.0
40,19.0,0,pájaro,2,0.8888888888888891,1.03972077083992,18,0,0,pájaro,0.5833333333333334,0.14612803567823807,12.0
40,19.0,0,en,3,1.0,1.77767403074471,18,0,0,en,0.8333333333333334,0.698970004336019,12.0
40,19.0,0,"mano,",4,1.0,1.77767403074471,18,0,0,mano,0.8333333333333334,0.698970004336019,12.0
40,19.0,0,que,5,1.0,1.77767403074471,18,0,0,que,0.75,0.4771212547196624,12.0
40,19.0,0,cien,6,0.8888888888888891,1.03972077083992,18,0,0,cien,0.9166666666666666,1.041392685158225,12.0
40,19.0,0,volando.,7,1.0,1.77767403074471,18,0,0,volando,0.9166666666666666,1.041392685158225,12.0
42,96.0,2,La,0,0.111111111111111,-1.03972077083992,18,2,1,La,,,
42,96.0,2,casa,1,0.111111111111111,-1.03972077083992,18,2,1,casa,0.0,-1.3617278360175928,12.0
42,96.0,2,de,2,0.555555555555556,0.111571775657105,18,2,1,de,0.25,-0.4771212547196625,12.0
42,96.0,2,Martín,3,0.0,-1.77767403074471,18,2,1,Martín,0.0,-1.3617278360175928,12.0
42,96.0,2,tiene,4,0.111111111111111,-1.03972077083992,18,2,1,tiene,0.0,-1.3617278360175928,12.0
42,96.0,2,un,5,0.277777777777778,-0.477755722513718,18,2,1,un,0.25,-0.4771212547196625,12.0
42,96.0,2,parque,6,0.0555555555555556,-1.41660667202811,18,2,1,parque,0.08333333333333333,-1.041392685158225,12.0
42,96.0,2,muy,7,0.38888888888888895,-0.225992561871529,18,2,1,muy,0.75,0.4771212547196624,12.0
42,96.0,2,grande.,8,0.6111111111111109,0.225992561871529,18,2,1,grande,0.5,0.0,12.0
43,20.0,0,Haz,0,0.0,-1.77767403074471,18,0,0,Haz,,,
43,20.0,0,el,1,0.5,0.0,18,0,0,el,0.2307692307692308,-0.5228787452803375,13.0
43,20.0,0,bien,2,0.7777777777777779,0.6263814842476839,18,0,0,bien,0.7692307692307693,0.5228787452803376,13.0
43,20.0,0,sin,3,0.6111111111111109,0.225992561871529,18,0,0,sin,0.8461538461538461,0.7403626894942439,13.0
43,20.0,0,mirar,4,0.666666666666667,0.346573590279973,18,0,0,mirar,0.7692307692307693,0.5228787452803376,13.0
43,20.0,0,a,5,0.833333333333333,0.8047189562170501,18,0,0,a,0.7692307692307693,0.5228787452803376,13.0
43,20.0,0,quién.,6,0.666666666666667,0.346573590279973,18,0,0,quién,0.7692307692307693,0.5228787452803376,13.0
44,56.0,1,Hay,0,0.0,-1.77767403074471,18,1,0,Hay,,,
44,56.0,1,que,1,0.444444444444444,-0.111571775657105,18,1,0,que,0.0,-1.3617278360175928,12.0
44,56.0,1,pensar,2,0.0555555555555556,-1.41660667202811,18,1,0,pensar,0.08333333333333333,-1.041392685158225,12.0
44,56.0,1,antes,3,0.444444444444444,-0.111571775657105,18,1,0,antes,0.25,-0.4771212547196625,12.0
44,56.0,1,de,4,0.8888888888888891,1.03972077083992,18,1,0,de,0.9166666666666666,1.041392685158225,12.0
44,56.0,1,hablar.,5,0.6111111111111109,0.225992561871529,18,1,0,hablar,0.5833333333333334,0.14612803567823807,12.0
45,97.0,2,Juan,0,0.0,-1.77767403074471,18,2,1,Juan,,,
45,97.0,2,no,1,0.0,-1.77767403074471,18,2,1,no,0.0,-1.3617278360175928,12.0
45,97.0,2,anda,2,0.0,-1.77767403074471,18,2,1,anda,0.0,-1.3617278360175928,12.0
45,97.0,2,bien,3,0.33333333333333304,-0.346573590279973,18,2,1,bien,0.16666666666666666,-0.6989700043360189,12.0
45,97.0,2,con,4,0.0555555555555556,-1.41660667202811,18,2,1,con,0.0,-1.3617278360175928,12.0
45,97.0,2,su,5,0.833333333333333,0.8047189562170501,18,2,1,su,0.25,-0.4771212547196625,12.0
45,97.0,2,pareja.,6,0.0555555555555556,-1.41660667202811,18,2,1,pareja,0.0,-1.3617278360175928,12.0
46,21.0,0,Hombre,0,0.0,-1.77767403074471,18,0,0,Hombre,,,
46,21.0,0,prevenido,1,0.0,-1.77767403074471,18,0,0,prevenido,0.25,-0.4771212547196625,12.0
46,21.0,0,vale,2,0.833333333333333,0.8047189562170501,18,0,0,vale,0.9166666666666666,1.041392685158225,12.0
46,21.0,0,por,3,0.8888888888888891,1.03972077083992,18,0,0,por,1.0,1.3617278360175933,12.0
46,21.0,0,dos.,4,0.833333333333333,0.8047189562170501,18,0,0,dos,1.0,1.3617278360175933,12.0
47,57.0,1,El,0,0.0555555555555556,-1.41660667202811,18,1,1,El,,,
47,57.0,1,hombre,1,0.0555555555555556,-1.41660667202811,18,1,1,hombre,0.08333333333333333,-1.041392685158225,12.0
47,57.0,1,es,2,0.222222222222222,-0.6263814842476839,18,1,1,es,0.16666666666666666,-0.6989700043360189,12.0
47,57.0,1,un,3,0.555555555555556,0.111571775657105,18,1,1,un,0.5833333333333334,0.14612803567823807,12.0
47,57.0,1,animal,4,0.7777777777777779,0.6263814842476839,18,1,1,animal,0.3333333333333333,-0.30102999566398125,12.0
47,57.0,1,racional.,5,0.111111111111111,-1.03972077083992,18,1,1,racional,0.16666666666666666,-0.6989700043360189,12.0
49,58.0,1,El,0,0.0,-1.77767403074471,18,1,1,El,,,
49,58.0,1,perro,1,0.0,-1.77767403074471,18,1,1,perro,0.08333333333333333,-1.041392685158225,12.0
49,58.0,1,enterró,2,0.0,-1.77767403074471,18,1,1,enterró,0.0,-1.3617278360175928,12.0
49,58.0,1,un,3,0.666666666666667,0.346573590279973,18,1,1,un,0.5,0.0,12.0
49,58.0,1,hueso,4,1.0,1.77767403074471,18,1,1,hueso,1.0,1.3617278360175933,12.0
49,58.0,1,en,5,1.0,1.77767403074471,18,1,1,en,0.8333333333333334,0.698970004336019,12.0
49,58.0,1,el,6,1.0,1.77767403074471,18,1,1,el,0.75,0.4771212547196624,12.0
49,58.0,1,patio.,7,0.5,0.0,18,1,1,patio,0.25,-0.4771212547196625,12.0
50,98.0,2,La,0,0.222222222222222,-0.6263814842476839,18,2,1,La,,,
50,98.0,2,película,1,0.0,-1.77767403074471,18,2,1,película,0.0,-1.3222192947339193,11.0
50,98.0,2,terminó,2,0.0,-1.77767403074471,18,2,1,terminó,0.0,-1.3222192947339193,11.0
50,98.0,2,de,3,0.0,-1.77767403074471,18,2,1,de,0.0,-1.3222192947339193,11.0
50,98.0,2,forma,4,0.0,-1.77767403074471,18,2,1,forma,0.09090909090909093,-1.0,11.0
50,98.0,2,extraña.,5,0.0555555555555556,-1.41660667202811,18,2,1,extraña,0.0,-1.3222192947339193,11.0
51,22.0,0,En,0,0.0555555555555556,-1.41660667202811,18,0,0,En,,,
51,22.0,0,boca,1,0.0,-1.77767403074471,18,0,0,boca,0.25,-0.4771212547196625,12.0
51,22.0,0,cerrada,2,0.444444444444444,-0.111571775657105,18,0,0,cerrada,0.9166666666666666,1.041392685158225,12.0
51,22.0,0,no,3,0.944444444444444,1.41660667202811,18,0,0,no,1.0,1.3617278360175933,12.0
51,22.0,0,entran,4,0.8888888888888891,1.03972077083992,18,0,0,entran,1.0,1.3617278360175933,12.0
51,22.0,0,moscas.,5,0.944444444444444,1.41660667202811,18,0,0,moscas,1.0,1.3617278360175933,12.0
52,59.0,1,D'Artagnan,0,0.0,-1.77767403074471,18,1,1,DArtagnan,,,
52,59.0,1,era,1,0.5,0.0,18,1,1,era,0.25,-0.4771212547196625,12.0
52,59.0,1,amigo,2,0.38888888888888895,-0.225992561871529,18,1,1,amigo,0.0,-1.3617278360175928,12.0
52,59.0,1,de,3,0.944444444444444,1.41660667202811,18,1,1,de,1.0,1.3617278360175933,12.0
52,59.0,1,los,4,0.666666666666667,0.346573590279973,18,1,1,los,0.6666666666666666,0.30102999566398114,12.0
52,59.0,1,tres,5,0.7222222222222221,0.477755722513718,18,1,1,tres,0.08333333333333333,-1.041392685158225,12.0
52,59.0,1,mosqueteros.,6,0.944444444444444,1.41660667202811,18,1,1,mosqueteros',0.8333333333333334,0.698970004336019,12.0
54,23.0,0,No,0,0.0555555555555556,-1.41660667202811,18,0,0,No,,,
54,23.0,0,por,1,0.0555555555555556,-1.41660667202811,18,0,0,por,0.0,-1.3617278360175928,12.0
54,23.0,0,mucho,2,0.6111111111111109,0.225992561871529,18,0,0,mucho,1.0,1.3617278360175933,12.0
54,23.0,0,madrugar,3,0.666666666666667,0.346573590279973,18,0,0,madrugar,1.0,1.3617278360175933,12.0
54,23.0,0,amanece,4,0.33333333333333304,-0.346573590279973,18,0,0,amanece,0.4166666666666667,-0.14612803567823793,12.0
54,23.0,0,más,5,0.7222222222222221,0.477755722513718,18,0,0,más,0.5833333333333334,0.14612803567823807,12.0
54,23.0,0,temprano.,6,0.8888888888888891,1.03972077083992,18,0,0,temprano,0.9166666666666666,1.041392685158225,12.0
56,99.0,2,Luis,0,0.0,-1.77767403074471,18,2,1,Luis,,,
56,99.0,2,visitó,1,0.0,-1.77767403074471,18,2,1,visitó,0.0,-1.3222192947339193,11.0
56,99.0,2,el,2,0.0,-1.77767403074471,18,2,1,el,0.0,-1.3222192947339193,11.0
56,99.0,2,mes,3,0.0,-1.77767403074471,18,2,1,mes,0.0,-1.3222192947339193,11.0
56,99.0,2,pasado,4,0.555555555555556,0.111571775657105,18,2,1,pasado,0.7272727272727273,0.4259687322722812,11.0
56,99.0,2,a,5,0.7222222222222221,0.477755722513718,18,2,1,a,0.5454545454545454,0.07918124604762472,11.0
56,99.0,2,unos,6,0.0,-1.77767403074471,18,2,1,unos,0.0,-1.3222192947339193,11.0
56,99.0,2,parientes,7,0.0555555555555556,-1.41660667202811,18,2,1,parientes,0.18181818181818185,-0.6532125137753436,11.0
56,99.0,2,de,8,0.166666666666667,-0.8047189562170501,18,2,1,de,0.09090909090909093,-1.0,11.0
56,99.0,2,Europa.,9,0.0,-1.77767403074471,18,2,1,Europa,0.0,-1.3222192947339193,11.0
57,24.0,0,No,0,0.0555555555555556,-1.41660667202811,18,0,0,No,,,
57,24.0,0,dejes,1,0.0,-1.77767403074471,18,0,0,dejes,0.08333333333333333,-1.041392685158225,12.0
57,24.0,0,para,2,0.666666666666667,0.346573590279973,18,0,0,para,0.5,0.0,12.0
57,24.0,0,mañana,3,0.833333333333333,0.8047189562170501,18,0,0,mañana,1.0,1.3617278360175933,12.0
57,24.0,0,lo,4,1.0,1.77767403074471,18,0,0,lo,0.9166666666666666,1.041392685158225,12.0
57,24.0,0,que,5,1.0,1.77767403074471,18,0,0,que,0.9166666666666666,1.041392685158225,12.0
57,24.0,0,puedas,6,0.33333333333333304,-0.346573590279973,18,0,0,puedas,0.5,0.0,12.0
57,24.0,0,hacer,7,1.0,1.77767403074471,18,0,0,hacer,0.9166666666666666,1.041392685158225,12.0
57,24.0,0,hoy.,8,1.0,1.77767403074471,18,0,0,hoy,1.0,1.3617278360175933,12.0
59,100.0,2,Laura,0,0.0,-1.77767403074471,18,2,1,Laura,,,
59,100.0,2,me,1,0.0,-1.77767403074471,18,2,1,me,0.0,-1.3617278360175928,12.0
59,100.0,2,recomendó,2,0.0,-1.77767403074471,18,2,1,recomendó,0.0,-1.3617278360175928,12.0
59,100.0,2,consultar,3,0.0,-1.77767403074471,18,2,1,consultar,0.0,-1.3617278360175928,12.0
59,100.0,2,urgente,4,0.0,-1.77767403074471,18,2,1,urgente,0.0,-1.3617278360175928,12.0
59,100.0,2,al,5,0.111111111111111,-1.03972077083992,18,2,1,al,0.16666666666666666,-0.6989700043360189,12.0
59,100.0,2,médico.,6,0.8888888888888891,1.03972077083992,18,2,1,médico,0.9166666666666666,1.041392685158225,12.0
60,25.0,0,No,0,0.0555555555555556,-1.41660667202811,18,0,0,No,,,
60,25.0,0,hay,1,0.277777777777778,-0.477755722513718,18,0,0,hay,0.0,-1.3617278360175928,12.0
60,25.0,0,mal,2,0.277777777777778,-0.477755722513718,18,0,0,mal,0.3333333333333333,-0.30102999566398125,12.0
60,25.0,0,que,3,1.0,1.77767403074471,18,0,0,que,0.9166666666666666,1.041392685158225,12.0
60,25.0,0,por,4,0.8888888888888891,1.03972077083992,18,0,0,por,0.75,0.4771212547196624,12.0
60,25.0,0,bien,5,0.944444444444444,1.41660667202811,18,0,0,bien,0.75,0.4771212547196624,12.0
60,25.0,0,no,6,1.0,1.77767403074471,18,0,0,no,1.0,1.3617278360175933,12.0
60,25.0,0,venga.,7,0.944444444444444,1.41660667202811,18,0,0,venga,0.9166666666666666,1.041392685158225,12.0
61,60.0,1,No,0,0.0,-1.77767403074471,18,1,1,No,,,
61,60.0,1,hagas,1,0.0555555555555556,-1.41660667202811,18,1,1,hagas,0.0,-1.3617278360175928,12.0
61,60.0,1,promesas,2,0.0,-1.77767403074471,18,1,1,promesas,0.0,-1.3617278360175928,12.0
61,60.0,1,que,3,0.7777777777777779,0.6263814842476839,18,1,1,que,1.0,1.3617278360175933,12.0
61,60.0,1,no,4,1.0,1.77767403074471,18,1,1,no,1.0,1.3617278360175933,12.0
61,60.0,1,puedas,5,0.6111111111111109,0.225992561871529,18,1,1,puedas,0.5833333333333334,0.14612803567823807,12.0
61,60.0,1,cumplir.,6,0.8888888888888891,1.03972077083992,18,1,1,cumplir,1.0,1.3617278360175933,12.0
64,61.0,1,Ante,0,0.0,-1.77767403074471,18,1,1,Ante,,,
64,61.0,1,la,1,0.33333333333333304,-0.346573590279973,18,1,1,la,0.4166666666666667,-0.14612803567823793,12.0
64,61.0,1,duda,2,0.38888888888888895,-0.225992561871529,18,1,1,duda,0.16666666666666666,-0.6989700043360189,12.0
64,61.0,1,consulte,3,0.222222222222222,-0.6263814842476839,18,1,1,consulte,0.0,-1.3617278360175928,12.0
64,61.0,1,a,4,0.8888888888888891,1.03972077083992,18,1,1,a,0.3333333333333333,-0.30102999566398125,12.0
64,61.0,1,su,5,0.7777777777777779,0.6263814842476839,18,1,1,su,0.25,-0.4771212547196625,12.0
64,61.0,1,médico.,6,0.8888888888888891,1.03972077083992,18,1,1,médico,0.5833333333333334,0.14612803567823807,12.0
66,62.0,1,Caminante,0,0.0,-1.77767403074471,18,1,0,Caminante,,,
66,62.0,1,no,1,0.7777777777777779,0.6263814842476839,18,1,0,no,0.9166666666666666,1.041392685158225,12.0
66,62.0,1,hay,2,1.0,1.77767403074471,18,1,0,hay,0.9166666666666666,1.041392685158225,12.0
66,62.0,1,"camino,",3,0.944444444444444,1.41660667202811,18,1,0,camino,0.9166666666666666,1.041392685158225,12.0
66,62.0,1,se,4,0.944444444444444,1.41660667202811,18,1,0,se,0.9166666666666666,1.041392685158225,12.0
66,62.0,1,hace,5,0.944444444444444,1.41660667202811,18,1,0,hace,1.0,1.3617278360175933,12.0
66,62.0,1,camino,6,0.8888888888888891,1.03972077083992,18,1,0,camino,0.9166666666666666,1.041392685158225,12.0
66,62.0,1,al,7,0.944444444444444,1.41660667202811,18,1,0,al,0.75,0.4771212547196624,12.0
66,62.0,1,andar.,8,0.944444444444444,1.41660667202811,18,1,0,andar,1.0,1.3617278360175933,12.0
67,26.0,0,En,0,0.0,-1.77767403074471,18,0,0,En,,,
67,26.0,0,el,1,0.111111111111111,-1.03972077083992,18,0,0,el,0.0,-1.3617278360175928,12.0
67,26.0,0,país,2,0.0555555555555556,-1.41660667202811,18,0,0,país,0.0,-1.3617278360175928,12.0
67,26.0,0,de,3,0.7222222222222221,0.477755722513718,18,0,0,de,0.6666666666666666,0.30102999566398114,12.0
67,26.0,0,los,4,0.166666666666667,-0.8047189562170501,18,0,0,los,0.6666666666666666,0.30102999566398114,12.0
67,26.0,0,ciegos,5,0.5,0.0,18,0,0,ciegos,0.5833333333333334,0.14612803567823807,12.0
67,26.0,0,el,6,0.666666666666667,0.346573590279973,18,0,0,el,0.9166666666666666,1.041392685158225,12.0
67,26.0,0,tuerto,7,0.555555555555556,0.111571775657105,18,0,0,tuerto,0.75,0.4771212547196624,12.0
67,26.0,0,es,8,0.944444444444444,1.41660667202811,18,0,0,es,1.0,1.3617278360175933,12.0
67,26.0,0,Rey.,9,0.7777777777777779,0.6263814842476839,18,0,0,Rey,0.9166666666666666,1.041392685158225,12.0
68,101.0,2,En,0,0.222222222222222,-0.6263814842476839,18,2,1,En,,,
68,101.0,2,Londres,1,0.0,-1.77767403074471,18,2,1,Londres,0.0,-1.3617278360175928,12.0
68,101.0,2,el,2,0.111111111111111,-1.03972077083992,18,2,1,el,0.0,-1.3617278360175928,12.0
68,101.0,2,clima,3,0.277777777777778,-0.477755722513718,18,2,1,clima,0.16666666666666666,-0.6989700043360189,12.0
68,101.0,2,es,4,1.0,1.77767403074471,18,2,1,es,0.9166666666666666,1.041392685158225,12.0
68,101.0,2,muy,5,0.6111111111111109,0.225992561871529,18,2,1,muy,0.4166666666666667,-0.14612803567823793,12.0
68,101.0,2,húmedo.,6,0.555555555555556,0.111571775657105,18,2,1,húmedo,0.5833333333333334,0.14612803567823807,12.0
69,27.0,0,Al,0,0.111111111111111,-1.03972077083992,18,0,0,Al,,,
69,27.0,0,que,1,0.6111111111111109,0.225992561871529,18,0,0,que,0.3076923076923077,-0.3521825181113625,13.0
69,27.0,0,quiere,2,0.0555555555555556,-1.41660667202811,18,0,0,quiere,0.0,-1.3979400086720375,13.0
69,27.0,0,celeste,3,0.6111111111111109,0.225992561871529,18,0,0,celeste,0.5384615384615384,0.06694678963061314,13.0
69,27.0,0,que,4,0.944444444444444,1.41660667202811,18,0,0,que,0.8461538461538461,0.7403626894942439,13.0
69,27.0,0,le,5,0.944444444444444,1.41660667202811,18,0,0,le,0.8461538461538461,0.7403626894942439,13.0
69,27.0,0,cueste.,6,1.0,1.77767403074471,18,0,0,cueste,1.0,1.397940008672038,13.0
70,63.0,1,San,0,0.0,-1.77767403074471,18,1,1,San,,,
70,63.0,1,Martín,1,0.277777777777778,-0.477755722513718,18,1,1,Martín,0.08333333333333333,-1.041392685158225,12.0
70,63.0,1,cruzó,2,0.38888888888888895,-0.225992561871529,18,1,1,cruzó,0.5,0.0,12.0
70,63.0,1,los,3,1.0,1.77767403074471,18,1,1,los,0.75,0.4771212547196624,12.0
70,63.0,1,Andes,4,0.944444444444444,1.41660667202811,18,1,1,Andes,1.0,1.3617278360175933,12.0
70,63.0,1,a,5,0.5,0.0,18,1,1,a,0.3333333333333333,-0.30102999566398125,12.0
70,63.0,1,caballo.,6,0.833333333333333,0.8047189562170501,18,1,1,caballo,0.8333333333333334,0.698970004336019,12.0
71,102.0,2,A,0,0.0555555555555556,-1.41660667202811,18,2,1,A,,,
71,102.0,2,Miguel,1,0.0,-1.77767403074471,18,2,1,Miguel,0.0,-1.3617278360175928,12.0
71,102.0,2,le,2,0.6111111111111109,0.225992561871529,18,2,1,le,0.75,0.4771212547196624,12.0
71,102.0,2,entregaron,3,0.0,-1.77767403074471,18,2,1,entregaron,0.0,-1.3617278360175928,12.0
71,102.0,2,ayer,4,0.0,-1.77767403074471,18,2,1,ayer,0.0,-1.3617278360175928,12.0
71,102.0,2,el,5,0.33333333333333304,-0.346573590279973,18,2,1,el,0.16666666666666666,-0.6989700043360189,12.0
71,102.0,2,auto,6,0.222222222222222,-0.6263814842476839,18,2,1,auto,0.16666666666666666,-0.6989700043360189,12.0
71,102.0,2,nuevo.,7,0.5,0.0,18,2,1,nuevo,0.8333333333333334,0.698970004336019,12.0
72,64.0,1,A,0,0.222222222222222,-0.6263814842476839,18,1,1,A,,,
72,64.0,1,Rómulo,1,0.0,-1.77767403074471,18,1,1,Rómulo,0.0,-1.3617278360175928,12.0
72,64.0,1,y,2,0.444444444444444,-0.111571775657105,18,1,1,y,0.5,0.0,12.0
72,64.0,1,a,3,0.111111111111111,-1.03972077083992,18,1,1,a,0.0,-1.3617278360175928,12.0
72,64.0,1,Remo,4,0.8888888888888891,1.03972077083992,18,1,1,Remo,0.9166666666666666,1.041392685158225,12.0
72,64.0,1,los,5,0.6111111111111109,0.225992561871529,18,1,1,los,0.8333333333333334,0.698970004336019,12.0
72,64.0,1,alimentó,6,0.166666666666667,-0.8047189562170501,18,1,1,alimentó,0.4166666666666667,-0.14612803567823793,12.0
72,64.0,1,una,7,1.0,1.77767403074471,18,1,1,una,0.9166666666666666,1.041392685158225,12.0
72,64.0,1,loba.,8,0.944444444444444,1.41660667202811,18,1,1,loba,0.9166666666666666,1.041392685158225,12.0
73,103.0,2,Elisa,0,0.0,-1.77767403074471,18,2,1,Elisa,,,
73,103.0,2,nunca,1,0.0,-1.77767403074471,18,2,1,nunca,0.0,-1.3617278360175928,12.0
73,103.0,2,supo,2,0.111111111111111,-1.03972077083992,18,2,1,supo,0.0,-1.3617278360175928,12.0
73,103.0,2,cómo,3,0.0555555555555556,-1.41660667202811,18,2,1,cómo,0.0,-1.3617278360175928,12.0
73,103.0,2,resolver,4,0.0,-1.77767403074471,18,2,1,resolver,0.0,-1.3617278360175928,12.0
73,103.0,2,el,5,0.444444444444444,-0.111571775657105,18,2,1,el,0.6666666666666666,0.30102999566398114,12.0
73,103.0,2,problema.,6,0.8888888888888891,1.03972077083992,18,2,1,problema,0.9166666666666666,1.041392685158225,12.0
74,28.0,0,Sobre,0,0.0,-1.77767403074471,18,0,0,Sobre,,,
74,28.0,0,gustos,1,0.166666666666667,-0.8047189562170501,18,0,0,gustos,0.08333333333333333,-1.041392685158225,12.0
74,28.0,0,no,2,1.0,1.77767403074471,18,0,0,no,1.0,1.3617278360175933,12.0
74,28.0,0,hay,3,1.0,1.77767403074471,18,0,0,hay,1.0,1.3617278360175933,12.0
74,28.0,0,nada,4,1.0,1.77767403074471,18,0,0,nada,1.0,1.3617278360175933,12.0
74,28.0,0,escrito.,5,0.8888888888888891,1.03972077083992,18,0,0,escrito,1.0,1.3617278360175933,12.0
76,104.0,2,Ayer,0,0.0,-1.77767403074471,18,2,1,Ayer,,,
76,104.0,2,charlamos,1,0.0555555555555556,-1.41660667202811,18,2,1,charlamos,0.0,-1.3617278360175928,12.0
76,104.0,2,con,2,0.222222222222222,-0.6263814842476839,18,2,1,con,0.25,-0.4771212547196625,12.0
76,104.0,2,Laura,3,0.0,-1.77767403074471,18,2,1,Laura,0.0,-1.3617278360175928,12.0
76,104.0,2,sobre,4,0.6111111111111109,0.225992561871529,18,2,1,sobre,0.3333333333333333,-0.30102999566398125,12.0
76,104.0,2,su,5,0.222222222222222,-0.6263814842476839,18,2,1,su,0.0,-1.3617278360175928,12.0
76,104.0,2,hija.,6,0.0,-1.77767403074471,18,2,1,hija,0.0,-1.3617278360175928,12.0
77,29.0,0,Dime,0,0.0,-1.77767403074471,18,0,0,Dime,,,
77,29.0,0,con,1,0.666666666666667,0.346573590279973,18,0,0,con,0.6666666666666666,0.30102999566398114,12.0
77,29.0,0,quién,2,1.0,1.77767403074471,18,0,0,quién,0.9166666666666666,1.041392685158225,12.0
77,29.0,0,andas,3,1.0,1.77767403074471,18,0,0,andas,0.9166666666666666,1.041392685158225,12.0
77,29.0,0,y,4,1.0,1.77767403074471,18,0,0,y,0.9166666666666666,1.041392685158225,12.0
77,29.0,0,te,5,1.0,1.77767403074471,18,0,0,te,0.9166666666666666,1.041392685158225,12.0
77,29.0,0,diré,6,1.0,1.77767403074471,18,0,0,diré,0.8333333333333334,0.698970004336019,12.0
77,29.0,0,quién,7,1.0,1.77767403074471,18,0,0,quién,0.8333333333333334,0.698970004336019,12.0
77,29.0,0,eres.,8,0.944444444444444,1.41660667202811,18,0,0,eres,1.0,1.3617278360175933,12.0
79,65.0,1,Ser,0,0.0,-1.77767403074471,18,1,1,Ser,,,
79,65.0,1,o,1,0.555555555555556,0.111571775657105,18,1,1,o,0.25,-0.4771212547196625,12.0
79,65.0,1,no,2,1.0,1.77767403074471,18,1,1,no,0.9166666666666666,1.041392685158225,12.0
79,65.0,1,"ser,",3,1.0,1.77767403074471,18,1,1,ser,1.0,1.3617278360175933,12.0
79,65.0,1,ésa,4,0.7222222222222221,0.477755722513718,18,1,1,ésa,0.5833333333333334,0.14612803567823807,12.0
79,65.0,1,es,5,1.0,1.77767403074471,18,1,1,es,0.8333333333333334,0.698970004336019,12.0
79,65.0,1,la,6,1.0,1.77767403074471,18,1,1,la,0.9166666666666666,1.041392685158225,12.0
79,65.0,1,cuestión.,7,0.8888888888888891,1.03972077083992,18,1,1,cuestión,0.8333333333333334,0.698970004336019,12.0
82,66.0,1,El,0,0.0,-1.77767403074471,18,1,1,El,,,
82,66.0,1,que,1,0.666666666666667,0.346573590279973,18,1,1,que,0.08333333333333333,-1.041392685158225,12.0
82,66.0,1,esté,2,0.0,-1.77767403074471,18,1,1,esté,0.0,-1.3617278360175928,12.0
82,66.0,1,libre,3,0.277777777777778,-0.477755722513718,18,1,1,libre,0.4166666666666667,-0.14612803567823793,12.0
82,66.0,1,de,4,0.833333333333333,0.8047189562170501,18,1,1,de,0.9166666666666666,1.041392685158225,12.0
82,66.0,1,pecado,5,0.5,0.0,18,1,1,pecado,0.3333333333333333,-0.30102999566398125,12.0
82,66.0,1,que,6,0.8888888888888891,1.03972077083992,18,1,1,que,1.0,1.3617278360175933,12.0
82,66.0,1,tire,7,0.555555555555556,0.111571775657105,18,1,1,tire,0.6666666666666666,0.30102999566398114,12.0
82,66.0,1,la,8,1.0,1.77767403074471,18,1,1,la,0.9166666666666666,1.041392685158225,12.0
82,66.0,1,primer,9,0.222222222222222,-0.6263814842476839,18,1,1,primer,0.08333333333333333,-1.041392685158225,12.0
82,66.0,1,piedra.,10,0.944444444444444,1.41660667202811,18,1,1,piedra,1.0,1.3617278360175933,12.0
83,30.0,0,No,0,0.0555555555555556,-1.41660667202811,18,0,0,No,,,
83,30.0,0,está,1,0.0,-1.77767403074471,18,0,0,está,0.08333333333333333,-1.041392685158225,12.0
83,30.0,0,muerto,2,0.222222222222222,-0.6263814842476839,18,0,0,muerto,0.16666666666666666,-0.6989700043360189,12.0
83,30.0,0,quien,3,0.8888888888888891,1.03972077083992,18,0,0,quien,0.9166666666666666,1.041392685158225,12.0
83,30.0,0,pelea.,4,0.666666666666667,0.346573590279973,18,0,0,pelea,1.0,1.3617278360175933,12.0
84,105.0,2,La,0,0.111111111111111,-1.03972077083992,18,2,1,La,,,
84,105.0,2,discusión,1,0.0,-1.77767403074471,18,2,1,discusión,0.0,-1.3617278360175928,12.0
84,105.0,2,de,2,0.277777777777778,-0.477755722513718,18,2,1,de,0.08333333333333333,-1.041392685158225,12.0
84,105.0,2,ayer,3,0.222222222222222,-0.6263814842476839,18,2,1,ayer,0.0,-1.3617278360175928,12.0
84,105.0,2,era,4,0.0,-1.77767403074471,18,2,1,era,0.08333333333333333,-1.041392685158225,12.0
84,105.0,2,inevitable.,5,0.0,-1.77767403074471,18,2,1,inevitable,0.0,-1.3617278360175928,12.0
85,31.0,0,Agua,0,0.0,-1.77767403074471,18,0,0,Agua,,,
85,31.0,0,que,1,0.833333333333333,0.8047189562170501,18,0,0,que,0.8333333333333334,0.698970004336019,12.0
85,31.0,0,no,2,0.6111111111111109,0.225992561871529,18,0,0,no,1.0,1.3617278360175933,12.0
85,31.0,0,has,3,0.5,0.0,18,0,0,has,0.8333333333333334,0.698970004336019,12.0
85,31.0,0,de,4,0.8888888888888891,1.03972077083992,18,0,0,de,1.0,1.3617278360175933,12.0
85,31.0,0,beber,5,0.833333333333333,0.8047189562170501,18,0,0,beber,0.9166666666666666,1.041392685158225,12.0
85,31.0,0,déjala,6,0.7222222222222221,0.477755722513718,18,0,0,déjala,0.9166666666666666,1.041392685158225,12.0
85,31.0,0,correr.,7,0.833333333333333,0.8047189562170501,18,0,0,correr,1.0,1.3617278360175933,12.0
86,67.0,1,El,0,0.111111111111111,-1.03972077083992,18,1,1,El,,,
86,67.0,1,mate,1,0.0,-1.77767403074471,18,1,1,mate,0.0,-1.3222192947339193,11.0
86,67.0,1,es,2,0.6111111111111109,0.225992561871529,18,1,1,es,0.7272727272727273,0.4259687322722812,11.0
86,67.0,1,originario,3,0.0555555555555556,-1.41660667202811,18,1,1,originario,0.0,-1.3222192947339193,11.0
86,67.0,1,de,4,1.0,1.77767403074471,18,1,1,de,1.0,1.3222192947339195,11.0
86,67.0,1,la,5,0.0555555555555556,-1.41660667202811,18,1,1,la,0.18181818181818185,-0.6532125137753436,11.0
86,67.0,1,Argentina.,6,0.33333333333333304,-0.346573590279973,18,1,1,Argentina,0.2727272727272727,-0.4259687322722812,11.0
87,106.0,2,Daniel,0,0.0,-1.77767403074471,18,2,1,Daniel,,,
87,106.0,2,preparó,1,0.0,-1.77767403074471,18,2,1,preparó,0.0,-1.3617278360175928,12.0
87,106.0,2,café,2,0.0,-1.77767403074471,18,2,1,café,0.0,-1.3617278360175928,12.0
87,106.0,2,para,3,0.6111111111111109,0.225992561871529,18,2,1,para,0.4166666666666667,-0.14612803567823793,12.0
87,106.0,2,sus,4,0.38888888888888895,-0.225992561871529,18,2,1,sus,0.16666666666666666,-0.6989700043360189,12.0
87,106.0,2,amigos.,5,0.7222222222222221,0.477755722513718,18,2,1,amigos,0.8333333333333334,0.698970004336019,12.0
88,32.0,0,Haz,0,0.0,-1.77767403074471,18,0,0,Haz,,,
88,32.0,0,lo,1,0.222222222222222,-0.6263814842476839,18,0,0,lo,0.2307692307692308,-0.5228787452803375,13.0
88,32.0,0,que,2,0.666666666666667,0.346573590279973,18,0,0,que,0.6923076923076923,0.3521825181113625,13.0
88,32.0,0,yo,3,0.166666666666667,-0.8047189562170501,18,0,0,yo,0.07692307692307693,-1.0791812460476249,13.0
88,32.0,0,digo,4,0.555555555555556,0.111571775657105,18,0,0,digo,0.5384615384615384,0.06694678963061314,13.0
88,32.0,0,mas,5,0.0555555555555556,-1.41660667202811,18,0,0,mas,0.2307692307692308,-0.5228787452803375,13.0
88,32.0,0,no,6,0.8888888888888891,1.03972077083992,18,0,0,no,0.9230769230769232,1.0791812460476249,13.0
88,32.0,0,lo,7,0.833333333333333,0.8047189562170501,18,0,0,lo,0.8461538461538461,0.7403626894942439,13.0
88,32.0,0,que,8,0.944444444444444,1.41660667202811,18,0,0,que,0.8461538461538461,0.7403626894942439,13.0
88,32.0,0,yo,9,0.8888888888888891,1.03972077083992,18,0,0,yo,0.8461538461538461,0.7403626894942439,13.0
88,32.0,0,hago.,10,0.8888888888888891,1.03972077083992,18,0,0,hago,0.8461538461538461,0.7403626894942439,13.0
90,68.0,1,Ganarás,0,0.0,-1.77767403074471,18,1,1,Ganarás,,,
90,68.0,1,el,1,0.166666666666667,-0.8047189562170501,18,1,1,el,0.4545454545454545,-0.07918124604762483,11.0
90,68.0,1,pan,2,0.277777777777778,-0.477755722513718,18,1,1,pan,0.5454545454545454,0.07918124604762472,11.0
90,68.0,1,con,3,0.5,0.0,18,1,1,con,1.0,1.3222192947339195,11.0
90,68.0,1,el,4,0.7222222222222221,0.477755722513718,18,1,1,el,1.0,1.3222192947339195,11.0
90,68.0,1,sudor,5,0.833333333333333,0.8047189562170501,18,1,1,sudor,0.9090909090909092,0.9999999999999998,11.0
90,68.0,1,de,6,1.0,1.77767403074471,18,1,1,de,1.0,1.3222192947339195,11.0
90,68.0,1,tu,7,0.944444444444444,1.41660667202811,18,1,1,tu,1.0,1.3222192947339195,11.0
90,68.0,1,frente.,8,1.0,1.77767403074471,18,1,1,frente,1.0,1.3222192947339195,11.0
91,33.0,0,Cuentas,0,0.0,-1.77767403074471,18,0,0,Cuentas,,,
91,33.0,0,claras,1,0.6111111111111109,0.225992561871529,18,0,0,claras,0.75,0.4771212547196624,12.0
91,33.0,0,conservan,2,0.7777777777777779,0.6263814842476839,18,0,0,conservan,0.5833333333333334,0.14612803567823807,12.0
91,33.0,0,la,3,0.7777777777777779,0.6263814842476839,18,0,0,la,0.8333333333333334,0.698970004336019,12.0
91,33.0,0,amistad.,4,0.944444444444444,1.41660667202811,18,0,0,amistad,0.9166666666666666,1.041392685158225,12.0
92,34.0,0,Hablando,0,0.0,-1.77767403074471,18,0,0,Hablando,,,
92,34.0,0,de,1,0.6111111111111109,0.225992561871529,18,0,0,de,0.7272727272727273,0.4259687322722812,11.0
92,34.0,0,Roma,2,0.555555555555556,0.111571775657105,18,0,0,Roma,0.6363636363636364,0.2430380486862944,11.0
92,34.0,0,el,3,0.555555555555556,0.111571775657105,18,0,0,el,0.8181818181818182,0.6532125137753438,11.0
92,34.0,0,burro,4,0.5,0.0,18,0,0,burro,0.7272727272727273,0.4259687322722812,11.0
92,34.0,0,se,5,0.8888888888888891,1.03972077083992,18,0,0,se,0.7272727272727273,0.4259687322722812,11.0
92,34.0,0,asoma.,6,0.833333333333333,0.8047189562170501,18,0,0,asoma,0.9090909090909092,0.9999999999999998,11.0
93,107.0,2,No,0,0.111111111111111,-1.03972077083992,18,2,1,No,,,
93,107.0,2,fueron,1,0.0,-1.77767403074471,18,2,1,fueron,0.0,-1.3617278360175928,12.0
93,107.0,2,claras,2,0.0,-1.77767403074471,18,2,1,claras,0.0,-1.3617278360175928,12.0
93,107.0,2,las,3,0.8888888888888891,1.03972077083992,18,2,1,las,0.75,0.4771212547196624,12.0
93,107.0,2,cuentas,4,0.222222222222222,-0.6263814842476839,18,2,1,cuentas,0.0,-1.3617278360175928,12.0
93,107.0,2,de,5,0.38888888888888895,-0.225992561871529,18,2,1,de,0.08333333333333333,-1.041392685158225,12.0
93,107.0,2,la,6,0.444444444444444,-0.111571775657105,18,2,1,la,0.4166666666666667,-0.14612803567823793,12.0
93,107.0,2,empresa.,7,0.166666666666667,-0.8047189562170501,18,2,1,empresa,0.25,-0.4771212547196625,12.0
95,35.0,0,Mejor,0,0.0,-1.77767403074471,18,0,0,Mejor,,,
95,35.0,0,solo,1,0.0555555555555556,-1.41660667202811,18,0,0,solo,0.0,-1.3617278360175928,12.0
95,35.0,0,que,2,0.833333333333333,0.8047189562170501,18,0,0,que,0.8333333333333334,0.698970004336019,12.0
95,35.0,0,mal,3,1.0,1.77767403074471,18,0,0,mal,0.8333333333333334,0.698970004336019,12.0
95,35.0,0,acompañado.,4,0.8888888888888891,1.03972077083992,18,0,0,acompañado,1.0,1.3617278360175933,12.0
96,108.0,2,Los,0,0.0555555555555556,-1.41660667202811,18,2,1,Los,,,
96,108.0,2,amigos,1,0.0,-1.77767403074471,18,2,1,amigos,0.08333333333333333,-1.041392685158225,12.0
96,108.0,2,lo,2,0.0,-1.77767403074471,18,2,1,lo,0.0,-1.3617278360175928,12.0
96,108.0,2,acompañaron,3,0.0555555555555556,-1.41660667202811,18,2,1,acompañaron,0.0,-1.3617278360175928,12.0
96,108.0,2,en,4,0.111111111111111,-1.03972077083992,18,2,1,en,0.16666666666666666,-0.6989700043360189,12.0
96,108.0,2,ese,5,0.0,-1.77767403074471,18,2,1,ese,0.0,-1.3617278360175928,12.0
96,108.0,2,momento.,6,0.33333333333333304,-0.346573590279973,18,2,1,momento,0.5,0.0,12.0
97,36.0,0,El,0,0.0,-1.77767403074471,18,0,0,El,,,
97,36.0,0,diablo,1,0.0,-1.77767403074471,18,0,0,diablo,0.0,-1.3617278360175928,12.0
97,36.0,0,sabe,2,0.555555555555556,0.111571775657105,18,0,0,sabe,0.6666666666666666,0.30102999566398114,12.0
97,36.0,0,más,3,0.5,0.0,18,0,0,más,0.0,-1.3617278360175928,12.0
97,36.0,0,por,4,0.833333333333333,0.8047189562170501,18,0,0,por,0.6666666666666666,0.30102999566398114,12.0
97,36.0,0,viejo,5,0.6111111111111109,0.225992561871529,18,0,0,viejo,0.5833333333333334,0.14612803567823807,12.0
97,36.0,0,que,6,0.944444444444444,1.41660667202811,18,0,0,que,0.8333333333333334,0.698970004336019,12.0
97,36.0,0,por,7,0.8888888888888891,1.03972077083992,18,0,0,por,0.75,0.4771212547196624,12.0
97,36.0,0,diablo.,8,0.7777777777777779,0.6263814842476839,18,0,0,diablo,0.8333333333333334,0.698970004336019,12.0
98,69.0,1,Lucifer,0,0.0,-1.77767403074471,18,1,1,Lucifer,,,
98,69.0,1,es,1,1.0,1.77767403074471,18,1,1,es,0.7272727272727273,0.4259687322722812,11.0
98,69.0,1,uno,2,0.0,-1.77767403074471,18,1,1,uno,0.0,-1.3222192947339193,11.0
98,69.0,1,de,3,0.944444444444444,1.41660667202811,18,1,1,de,0.8181818181818182,0.6532125137753438,11.0
98,69.0,1,los,4,1.0,1.77767403074471,18,1,1,los,0.8181818181818182,0.6532125137753438,11.0
98,69.0,1,nombres,5,0.111111111111111,-1.03972077083992,18,1,1,nombres,0.0,-1.3222192947339193,11.0
98,69.0,1,del,6,0.7222222222222221,0.477755722513718,18,1,1,del,0.4545454545454545,-0.07918124604762483,11.0
98,69.0,1,diablo.,7,0.7777777777777779,0.6263814842476839,18,1,1,diablo,0.6363636363636364,0.2430380486862944,11.0
99,37.0,0,El,0,0.0555555555555556,-1.41660667202811,18,0,0,El,,,
99,37.0,0,que,1,0.7777777777777779,0.6263814842476839,18,0,0,que,0.4166666666666667,-0.14612803567823793,12.0
99,37.0,0,a,2,0.0555555555555556,-1.41660667202811,18,0,0,a,0.0,-1.3617278360175928,12.0
99,37.0,0,hierro,3,0.222222222222222,-0.6263814842476839,18,0,0,hierro,0.3333333333333333,-0.30102999566398125,12.0
99,37.0,0,mata,4,0.444444444444444,-0.111571775657105,18,0,0,mata,0.8333333333333334,0.698970004336019,12.0
99,37.0,0,a,5,0.833333333333333,0.8047189562170501,18,0,0,a,0.9166666666666666,1.041392685158225,12.0
99,37.0,0,hierro,6,0.833333333333333,0.8047189562170501,18,0,0,hierro,0.9166666666666666,1.041392685158225,12.0
99,37.0,0,muere.,7,1.0,1.77767403074471,18,0,0,muere,0.9166666666666666,1.041392685158225,12.0
100,70.0,1,La,0,0.166666666666667,-0.8047189562170501,18,1,1,La,,,
100,70.0,1,Pampa,1,0.0,-1.77767403074471,18,1,1,Pampa,0.0,-1.3617278360175928,12.0
100,70.0,1,tiene,2,0.38888888888888895,-0.225992561871529,18,1,1,tiene,0.4166666666666667,-0.14612803567823793,12.0
100,70.0,1,el,3,0.666666666666667,0.346573590279973,18,1,1,el,0.8333333333333334,0.698970004336019,12.0
100,70.0,1,ombú,4,0.7222222222222221,0.477755722513718,18,1,1,ombú,0.8333333333333334,0.698970004336019,12.0
100,70.0,1,y,5,0.5,0.0,18,1,1,y,0.8333333333333334,0.698970004336019,12.0
100,70.0,1,los,6,0.0,-1.77767403074471,18,1,1,los,0.08333333333333333,-1.041392685158225,12.0
100,70.0,1,Andes,7,0.0555555555555556,-1.41660667202811,18,1,1,Andes,0.0,-1.3617278360175928,12.0
100,70.0,1,la,8,0.277777777777778,-0.477755722513718,18,1,1,la,0.16666666666666666,-0.6989700043360189,12.0
100,70.0,1,cordillera.,9,0.33333333333333304,-0.346573590279973,18,1,1,cordillera,0.5833333333333334,0.14612803567823807,12.0
103,71.0,1,A,0,0.111111111111111,-1.03972077083992,18,1,1,A,,,
103,71.0,1,Pinocho,1,0.0,-1.77767403074471,18,1,1,Pinocho,0.0,-1.3617278360175928,12.0
103,71.0,1,le,2,0.7222222222222221,0.477755722513718,18,1,1,le,0.9166666666666666,1.041392685158225,12.0
103,71.0,1,crecía,3,0.111111111111111,-1.03972077083992,18,1,1,crecía,0.16666666666666666,-0.6989700043360189,12.0
103,71.0,1,la,4,1.0,1.77767403074471,18,1,1,la,1.0,1.3617278360175933,12.0
103,71.0,1,nariz,5,1.0,1.77767403074471,18,1,1,nariz,0.9166666666666666,1.041392685158225,12.0
103,71.0,1,cada,6,0.166666666666667,-0.8047189562170501,18,1,1,cada,0.0,-1.3617278360175928,12.0
103,71.0,1,vez,7,1.0,1.77767403074471,18,1,1,vez,0.9166666666666666,1.041392685158225,12.0
103,71.0,1,que,8,0.944444444444444,1.41660667202811,18,1,1,que,1.0,1.3617278360175933,12.0
103,71.0,1,mentía.,9,0.944444444444444,1.41660667202811,18,1,1,mentía,1.0,1.3617278360175933,12.0
104,109.0,2,La,0,0.166666666666667,-0.8047189562170501,18,2,1,La,,,
104,109.0,2,picadura,1,0.0,-1.77767403074471,18,2,1,picadura,0.0,-1.3617278360175928,12.0
104,109.0,2,de,2,0.833333333333333,0.8047189562170501,18,2,1,de,0.75,0.4771212547196624,12.0
104,109.0,2,ciertas,3,0.0,-1.77767403074471,18,2,1,ciertas,0.0,-1.3617278360175928,12.0
104,109.0,2,arañas,4,0.33333333333333304,-0.346573590279973,18,2,1,arañas,0.3333333333333333,-0.30102999566398125,12.0
104,109.0,2,puede,5,0.166666666666667,-0.8047189562170501,18,2,1,puede,0.08333333333333333,-1.041392685158225,12.0
104,109.0,2,ser,6,0.444444444444444,-0.111571775657105,18,2,1,ser,0.6666666666666666,0.30102999566398114,12.0
104,109.0,2,mortal.,7,0.7777777777777779,0.6263814842476839,18,2,1,mortal,0.25,-0.4771212547196625,12.0
105,38.0,0,Tanto,0,0.0,-1.77767403074471,18,0,0,Tanto,,,
105,38.0,0,va,1,0.5,0.0,18,0,0,va,0.5833333333333334,0.14612803567823807,12.0
105,38.0,0,el,2,0.666666666666667,0.346573590279973,18,0,0,el,0.9166666666666666,1.041392685158225,12.0
105,38.0,0,cántaro,3,0.6111111111111109,0.225992561871529,18,0,0,cántaro,0.8333333333333334,0.698970004336019,12.0
105,38.0,0,a,4,0.6111111111111109,0.225992561871529,18,0,0,a,0.75,0.4771212547196624,12.0
105,38.0,0,la,5,0.7222222222222221,0.477755722513718,18,0,0,la,0.6666666666666666,0.30102999566398114,12.0
105,38.0,0,"fuente,",6,0.666666666666667,0.346573590279973,18,0,0,fuente,0.9166666666666666,1.041392685158225,12.0
105,38.0,0,que,7,0.8888888888888891,1.03972077083992,18,0,0,que,0.9166666666666666,1.041392685158225,12.0
105,38.0,0,al,8,0.5,0.0,18,0,0,al,0.5833333333333334,0.14612803567823807,12.0
105,38.0,0,final,9,0.666666666666667,0.346573590279973,18,0,0,final,0.6666666666666666,0.30102999566398114,12.0
105,38.0,0,se,10,0.7777777777777779,0.6263814842476839,18,0,0,se,0.9166666666666666,1.041392685158225,12.0
105,38.0,0,rompe.,11,0.666666666666667,0.346573590279973,18,0,0,rompe,0.9166666666666666,1.041392685158225,12.0
106,72.0,1,El,0,0.0,-1.77767403074471,18,1,1,El,,,
106,72.0,1,Rey,1,0.0,-1.77767403074471,18,1,1,Rey,0.0,-1.3617278360175928,12.0
106,72.0,1,Arturo,2,0.0555555555555556,-1.41660667202811,18,1,1,Arturo,0.08333333333333333,-1.041392685158225,12.0
106,72.0,1,y,3,0.111111111111111,-1.03972077083992,18,1,1,y,0.08333333333333333,-1.041392685158225,12.0
106,72.0,1,los,4,0.277777777777778,-0.477755722513718,18,1,1,los,0.25,-0.4771212547196625,12.0
106,72.0,1,caballeros,5,0.833333333333333,0.8047189562170501,18,1,1,caballeros,0.25,-0.4771212547196625,12.0
106,72.0,1,de,6,1.0,1.77767403074471,18,1,1,de,0.6666666666666666,0.30102999566398114,12.0
106,72.0,1,la,7,1.0,1.77767403074471,18,1,1,la,0.6666666666666666,0.30102999566398114,12.0
106,72.0,1,mesa,8,0.944444444444444,1.41660667202811,18,1,1,mesa,0.3333333333333333,-0.30102999566398125,12.0
106,72.0,1,redonda.,9,0.8888888888888891,1.03972077083992,18,1,1,redonda,0.8333333333333334,0.698970004336019,12.0
107,110.0,2,Tanto,0,0.0,-1.77767403074471,18,2,1,Tanto,,,
107,110.0,2,insistió,1,0.0,-1.77767403074471,18,2,1,insistió,0.0,-1.3222192947339193,11.0
107,110.0,2,con,2,0.0,-1.77767403074471,18,2,1,con,0.0,-1.3222192947339193,11.0
107,110.0,2,eso,3,0.111111111111111,-1.03972077083992,18,2,1,eso,0.0,-1.3222192947339193,11.0
107,110.0,2,que,4,0.944444444444444,1.41660667202811,18,2,1,que,0.9090909090909092,0.9999999999999998,11.0
107,110.0,2,al,5,0.6111111111111109,0.225992561871529,18,2,1,al,0.4545454545454545,-0.07918124604762483,11.0
107,110.0,2,final,6,0.833333333333333,0.8047189562170501,18,2,1,final,0.7272727272727273,0.4259687322722812,11.0
107,110.0,2,se,7,0.222222222222222,-0.6263814842476839,18,2,1,se,0.09090909090909093,-1.0,11.0
107,110.0,2,lo,8,0.277777777777778,-0.477755722513718,18,2,1,lo,0.09090909090909093,-1.0,11.0
107,110.0,2,dieron.,9,0.38888888888888895,-0.225992561871529,18,2,1,dieron,0.18181818181818185,-0.6532125137753436,11.0
109,73.0,1,El,0,0.0555555555555556,-1.41660667202811,18,1,1,El,,,
109,73.0,1,gato,1,0.0,-1.77767403074471,18,1,1,gato,0.08333333333333333,-1.041392685158225,12.0
109,73.0,1,atrapó,2,0.0,-1.77767403074471,18,1,1,atrapó,0.0,-1.3617278360175928,12.0
109,73.0,1,muchos,3,0.0,-1.77767403074471,18,1,1,muchos,0.0,-1.3617278360175928,12.0
109,73.0,1,ratones.,4,1.0,1.77767403074471,18,1,1,ratones,0.9166666666666666,1.041392685158225,12.0
110,111.0,2,El,0,0.166666666666667,-0.8047189562170501,18,2,1,El,,,
110,111.0,2,mago,1,0.0,-1.77767403074471,18,2,1,mago,0.0,-1.3617278360175928,12.0
110,111.0,2,hizo,2,0.277777777777778,-0.477755722513718,18,2,1,hizo,0.08333333333333333,-1.041392685158225,12.0
110,111.0,2,trucos,3,0.0555555555555556,-1.41660667202811,18,2,1,trucos,0.0,-1.3617278360175928,12.0
110,111.0,2,con,4,0.166666666666667,-0.8047189562170501,18,2,1,con,0.16666666666666666,-0.6989700043360189,12.0
110,111.0,2,cartas.,5,0.166666666666667,-0.8047189562170501,18,2,1,cartas,0.16666666666666666,-0.6989700043360189,12.0
112,112.0,2,Los,0,0.111111111111111,-1.03972077083992,18,2,1,Los,,,
112,112.0,2,niños,1,0.111111111111111,-1.03972077083992,18,2,1,niños,0.16666666666666666,-0.6989700043360189,12.0
112,112.0,2,se,2,0.0,-1.77767403074471,18,2,1,se,0.0,-1.3617278360175928,12.0
112,112.0,2,asustaron,3,0.0,-1.77767403074471,18,2,1,asustaron,0.0,-1.3617278360175928,12.0
112,112.0,2,cuando,4,0.33333333333333304,-0.346573590279973,18,2,1,cuando,0.0,-1.3617278360175928,12.0
112,112.0,2,vieron,5,0.444444444444444,-0.111571775657105,18,2,1,vieron,0.5,0.0,12.0
112,112.0,2,a,6,0.166666666666667,-0.8047189562170501,18,2,1,a,0.0,-1.3617278360175928,12.0
112,112.0,2,los,7,0.0555555555555556,-1.41660667202811,18,2,1,los,0.08333333333333333,-1.041392685158225,12.0
112,112.0,2,leones.,8,0.0555555555555556,-1.41660667202811,18,2,1,leones,0.25,-0.4771212547196625,12.0
115,74.0,1,En,0,0.111111111111111,-1.03972077083992,18,1,1,En,,,
115,74.0,1,el,1,0.111111111111111,-1.03972077083992,18,1,1,el,0.08333333333333333,-1.041392685158225,12.0
115,74.0,1,horno,2,0.0,-1.77767403074471,18,1,1,horno,0.0,-1.3617278360175928,12.0
115,74.0,1,de,3,0.0555555555555556,-1.41660667202811,18,1,1,de,0.0,-1.3617278360175928,12.0
115,74.0,1,la,4,0.277777777777778,-0.477755722513718,18,1,1,la,0.16666666666666666,-0.6989700043360189,12.0
115,74.0,1,panadería,5,0.444444444444444,-0.111571775657105,18,1,1,panadería,0.3333333333333333,-0.30102999566398125,12.0
115,74.0,1,cocinan,6,0.0,-1.77767403074471,18,1,1,cocinan,0.0,-1.3617278360175928,12.0
115,74.0,1,el,7,0.222222222222222,-0.6263814842476839,18,1,1,el,0.25,-0.4771212547196625,12.0
115,74.0,1,pan.,8,1.0,1.77767403074471,18,1,1,pan,1.0,1.3617278360175933,12.0
116,39.0,0,Aunque,0,0.0,-1.77767403074471,18,0,0,Aunque,,,
116,39.0,0,la,1,0.0555555555555556,-1.41660667202811,18,0,0,la,0.08333333333333333,-1.041392685158225,12.0
116,39.0,0,mona,2,0.0555555555555556,-1.41660667202811,18,0,0,mona,0.16666666666666666,-0.6989700043360189,12.0
116,39.0,0,se,3,0.8888888888888891,1.03972077083992,18,0,0,se,0.9166666666666666,1.041392685158225,12.0
116,39.0,0,vista,4,0.833333333333333,0.8047189562170501,18,0,0,vista,0.9166666666666666,1.041392685158225,12.0
116,39.0,0,de,5,0.944444444444444,1.41660667202811,18,0,0,de,0.8333333333333334,0.698970004336019,12.0
116,39.0,0,"seda,",6,0.7222222222222221,0.477755722513718,18,0,0,seda,0.9166666666666666,1.041392685158225,12.0
116,39.0,0,mona,7,0.8888888888888891,1.03972077083992,18,0,0,mona,0.9166666666666666,1.041392685158225,12.0
116,39.0,0,queda.,8,0.7777777777777779,0.6263814842476839,18,0,0,queda,0.5833333333333334,0.14612803567823807,12.0
118,113.0,2,A,0,0.166666666666667,-0.8047189562170501,18,2,1,A,,,
118,113.0,2,Luis,1,0.0,-1.77767403074471,18,2,1,Luis,0.0,-1.3617278360175928,12.0
118,113.0,2,no,2,0.111111111111111,-1.03972077083992,18,2,1,no,0.08333333333333333,-1.041392685158225,12.0
118,113.0,2,lo,3,0.111111111111111,-1.03972077083992,18,2,1,lo,0.08333333333333333,-1.041392685158225,12.0
118,113.0,2,engañan,4,0.0555555555555556,-1.41660667202811,18,2,1,engañan,0.16666666666666666,-0.6989700043360189,12.0
118,113.0,2,con,5,0.6111111111111109,0.225992561871529,18,2,1,con,0.25,-0.4771212547196625,12.0
118,113.0,2,ese,6,0.0,-1.77767403074471,18,2,1,ese,0.0,-1.3617278360175928,12.0
118,113.0,2,viejo,7,0.0,-1.77767403074471,18,2,1,viejo,0.0,-1.3617278360175928,12.0
118,113.0,2,truco.,8,0.222222222222222,-0.6263814842476839,18,2,1,truco,0.25,-0.4771212547196625,12.0
120,75.0,1,Los,0,0.0555555555555556,-1.41660667202811,18,1,1,Los,,,
120,75.0,1,Reyes,1,0.0,-1.77767403074471,18,1,1,Reyes,0.0,-1.3617278360175928,12.0
120,75.0,1,Magos,2,0.38888888888888895,-0.225992561871529,18,1,1,Magos,0.5833333333333334,0.14612803567823807,12.0
120,75.0,1,dejaron,3,0.0,-1.77767403074471,18,1,1,dejaron,0.0,-1.3617278360175928,12.0
120,75.0,1,regalos,4,0.6111111111111109,0.225992561871529,18,1,1,regalos,0.5833333333333334,0.14612803567823807,12.0
120,75.0,1,para,5,0.38888888888888895,-0.225992561871529,18,1,1,para,0.25,-0.4771212547196625,12.0
120,75.0,1,los,6,0.6111111111111109,0.225992561871529,18,1,1,los,0.75,0.4771212547196624,12.0
120,75.0,1,niños.,7,0.7777777777777779,0.6263814842476839,18,1,1,niños,0.75,0.4771212547196624,12.0
121,114.0,2,Los,0,0.166666666666667,-0.8047189562170501,18,2,1,Los,,,
121,114.0,2,hijos,1,0.0,-1.77767403074471,18,2,1,hijos,0.0,-1.3617278360175928,12.0
121,114.0,2,de,2,0.944444444444444,1.41660667202811,18,2,1,de,0.25,-0.4771212547196625,12.0
121,114.0,2,Juan,3,0.0,-1.77767403074471,18,2,1,Juan,0.08333333333333333,-1.041392685158225,12.0
121,114.0,2,estudiaron,4,0.0,-1.77767403074471,18,2,1,estudiaron,0.0,-1.3617278360175928,12.0
121,114.0,2,durante,5,0.0,-1.77767403074471,18,2,1,durante,0.0,-1.3617278360175928,12.0
121,114.0,2,las,6,0.33333333333333304,-0.346573590279973,18,2,1,las,0.3333333333333333,-0.30102999566398125,12.0
121,114.0,2,vacaciones.,7,0.7222222222222221,0.477755722513718,18,2,1,vacaciones,0.9166666666666666,1.041392685158225,12.0
122,40.0,0,A,0,0.0555555555555556,-1.41660667202811,18,0,0,A,,,
122,40.0,0,buen,1,0.0555555555555556,-1.41660667202811,18,0,0,buen,0.16666666666666666,-0.6989700043360189,12.0
122,40.0,0,entendedor,2,0.5,0.0,18,0,0,entendedor,1.0,1.3617278360175933,12.0
122,40.0,0,pocas,3,0.6111111111111109,0.225992561871529,18,0,0,pocas,0.9166666666666666,1.041392685158225,12.0
122,40.0,0,palabras.,4,0.944444444444444,1.41660667202811,18,0,0,palabras,0.9166666666666666,1.041392685158225,12.0
123,76.0,1,Mejor,0,0.0,-1.77767403074471,18,1,0,Mejor,,,
123,76.0,1,no,1,0.0555555555555556,-1.41660667202811,18,1,0,no,0.0,-1.3617278360175928,12.0
123,76.0,1,hablar,2,0.555555555555556,0.111571775657105,18,1,0,hablar,0.0,-1.3617278360175928,12.0
123,76.0,1,de,3,0.833333333333333,0.8047189562170501,18,1,0,de,0.3333333333333333,-0.30102999566398125,12.0
123,76.0,1,ciertas,4,0.5,0.0,18,1,0,ciertas,0.0,-1.3617278360175928,12.0
123,76.0,1,cosas.,5,1.0,1.77767403074471,18,1,0,cosas,0.8333333333333334,0.698970004336019,12.0
125,77.0,0,La,0,0.0555555555555556,-1.41660667202811,18,1,1,El,,,
125,77.0,0,casa,1,0.277777777777778,-0.477755722513718,18,1,1,corazón,0.0,-1.3617278360175928,12.0
125,77.0,0,es,2,0.0,-1.77767403074471,18,1,1,es,0.16666666666666666,-0.6989700043360189,12.0
125,77.0,0,chica,3,0.0555555555555556,-1.41660667202811,18,1,1,un,0.5833333333333334,0.14612803567823807,12.0
125,77.0,0,pero,4,0.6111111111111109,0.225992561871529,18,1,1,músculo,0.16666666666666666,-0.6989700043360189,12.0
125,77.0,0,el,5,0.833333333333333,0.8047189562170501,18,1,1,que,0.4166666666666667,-0.14612803567823793,12.0
125,77.0,0,corazón,6,0.8888888888888891,1.03972077083992,18,1,1,bombea,0.16666666666666666,-0.6989700043360189,12.0
125,77.0,0,es,7,0.833333333333333,0.8047189562170501,18,1,1,sangre,0.4166666666666667,-0.14612803567823793,12.0
127,115.0,2,El,0,0.0,-1.77767403074471,18,2,1,El,,,
127,115.0,2,hermano,1,0.0,-1.77767403074471,18,2,1,hermano,0.0,-1.3617278360175928,12.0
127,115.0,2,de,2,0.8888888888888891,1.03972077083992,18,2,1,de,0.6666666666666666,0.30102999566398114,12.0
127,115.0,2,Martín,3,0.0,-1.77767403074471,18,2,1,Martín,0.0,-1.3617278360175928,12.0
127,115.0,2,es,4,0.666666666666667,0.346573590279973,18,2,1,es,0.3333333333333333,-0.30102999566398125,12.0
127,115.0,2,un,5,0.222222222222222,-0.6263814842476839,18,2,1,un,0.0,-1.3617278360175928,12.0
127,115.0,2,médico,6,0.0,-1.77767403074471,18,2,1,médico,0.0,-1.3617278360175928,12.0
127,115.0,2,muy,7,0.277777777777778,-0.477755722513718,18,2,1,muy,0.25,-0.4771212547196625,12.0
127,115.0,2,prestigioso.,8,0.0,-1.77767403074471,18,2,1,prestigioso,0.16666666666666666,-0.6989700043360189,12.0
129,78.0,1,Si,0,0.0,-1.77767403074471,18,1,1,Si,,,
129,78.0,1,quieres,1,0.111111111111111,-1.03972077083992,18,1,1,quieres,0.08333333333333333,-1.041392685158225,12.0
129,78.0,1,resultados,2,0.0,-1.77767403074471,18,1,1,resultados,0.0,-1.3617278360175928,12.0
129,78.0,1,distintos,3,0.0,-1.77767403074471,18,1,1,distintos,0.0,-1.3617278360175928,12.0
129,78.0,1,no,4,0.111111111111111,-1.03972077083992,18,1,1,no,0.0,-1.3617278360175928,12.0
129,78.0,1,hagas,5,0.33333333333333304,-0.346573590279973,18,1,1,hagas,0.4166666666666667,-0.14612803567823793,12.0
129,78.0,1,siempre,6,0.166666666666667,-0.8047189562170501,18,1,1,siempre,0.0,-1.3617278360175928,12.0
129,78.0,1,lo,7,0.944444444444444,1.41660667202811,18,1,1,lo,0.75,0.4771212547196624,12.0
129,78.0,1,mismo.,8,1.0,1.77767403074471,18,1,1,mismo,0.9166666666666666,1.041392685158225,12.0
131,41.0,0,El,0,0.0555555555555556,-1.41660667202811,18,0,0,El,,,
131,41.0,0,que,1,0.5,0.0,18,0,0,que,0.3333333333333333,-0.30102999566398125,12.0
131,41.0,0,ríe,2,0.0,-1.77767403074471,18,0,0,ríe,0.0,-1.3617278360175928,12.0
131,41.0,0,último,3,0.7777777777777779,0.6263814842476839,18,0,0,último,0.5833333333333334,0.14612803567823807,12.0
131,41.0,0,ríe,4,1.0,1.77767403074471,18,0,0,ríe,1.0,1.3617278360175933,12.0
131,41.0,0,mejor.,5,1.0,1.77767403074471,18,0,0,mejor,0.75,0.4771212547196624,12.0
136,116.0,2,Este,0,0.0,-1.77767403074471,18,2,1,Este,,,
136,116.0,2,año,1,0.111111111111111,-1.03972077083992,18,2,1,año,0.0,-1.3617278360175928,12.0
136,116.0,2,iremos,2,0.0,-1.77767403074471,18,2,1,iremos,0.0,-1.3617278360175928,12.0
136,116.0,2,de,3,0.277777777777778,-0.477755722513718,18,2,1,de,0.4166666666666667,-0.14612803567823793,12.0
136,116.0,2,vacaciones,4,0.555555555555556,0.111571775657105,18,2,1,vacaciones,0.6666666666666666,0.30102999566398114,12.0
136,116.0,2,a,5,0.944444444444444,1.41660667202811,18,2,1,a,0.75,0.4771212547196624,12.0
136,116.0,2,la,6,0.555555555555556,0.111571775657105,18,2,1,la,0.6666666666666666,0.30102999566398114,12.0
136,116.0,2,montaña.,7,0.111111111111111,-1.03972077083992,18,2,1,montaña,0.16666666666666666,-0.6989700043360189,12.0
137,42.0,0,Es,0,0.0,-1.77767403074471,18,0,0,Es,,,
137,42.0,0,mejor,1,0.33333333333333304,-0.346573590279973,18,0,0,mejor,0.08333333333333333,-1.041392685158225,12.0
137,42.0,0,prevenir,2,0.0555555555555556,-1.41660667202811,18,0,0,prevenir,0.0,-1.3617278360175928,12.0
137,42.0,0,que,3,1.0,1.77767403074471,18,0,0,que,0.9166666666666666,1.041392685158225,12.0
137,42.0,0,curar.,4,0.944444444444444,1.41660667202811,18,0,0,curar,0.8333333333333334,0.698970004336019,12.0
138,79.0,1,Lo,0,0.111111111111111,-1.03972077083992,18,1,0,Lo,,,
138,79.0,1,esencial,1,0.0,-1.77767403074471,18,1,0,esencial,0.0,-1.3617278360175928,12.0
138,79.0,1,es,2,0.7777777777777779,0.6263814842476839,18,1,0,es,0.6666666666666666,0.30102999566398114,12.0
138,79.0,1,invisible,3,0.6111111111111109,0.225992561871529,18,1,0,invisible,0.5,0.0,12.0
138,79.0,1,a,4,0.944444444444444,1.41660667202811,18,1,0,a,0.8333333333333334,0.698970004336019,12.0
138,79.0,1,los,5,0.944444444444444,1.41660667202811,18,1,0,los,0.6666666666666666,0.30102999566398114,12.0
138,79.0,1,ojos.,6,1.0,1.77767403074471,18,1,0,ojos,0.8333333333333334,0.698970004336019,12.0
139,117.0,2,La,0,0.166666666666667,-0.8047189562170501,18,2,1,La,,,
139,117.0,2,madre,1,0.0,-1.77767403074471,18,2,1,madre,0.0,-1.3617278360175928,12.0
139,117.0,2,de,2,0.8888888888888891,1.03972077083992,18,2,1,de,0.16666666666666666,-0.6989700043360189,12.0
139,117.0,2,Mariela,3,0.0,-1.77767403074471,18,2,1,Mariela,0.0,-1.3617278360175928,12.0
139,117.0,2,es,4,0.7222222222222221,0.477755722513718,18,2,1,es,0.6666666666666666,0.30102999566398114,12.0
139,117.0,2,una,5,0.222222222222222,-0.6263814842476839,18,2,1,una,0.25,-0.4771212547196625,12.0
139,117.0,2,muy,6,0.0,-1.77767403074471,18,2,1,muy,0.0,-1.3617278360175928,12.0
139,117.0,2,buena,7,0.8888888888888891,1.03972077083992,18,2,1,buena,0.5833333333333334,0.14612803567823807,12.0
139,117.0,2,repostera.,8,0.0,-1.77767403074471,18,2,1,repostera,0.0,-1.3617278360175928,12.0
141,118.0,2,Durante,0,0.0,-1.77767403074471,18,2,1,Durante,,,
141,118.0,2,la,1,0.666666666666667,0.346573590279973,18,2,1,la,0.5,0.0,12.0
141,118.0,2,noche,2,0.277777777777778,-0.477755722513718,18,2,1,noche,0.08333333333333333,-1.041392685158225,12.0
141,118.0,2,algunos,3,0.0,-1.77767403074471,18,2,1,algunos,0.0,-1.3617278360175928,12.0
141,118.0,2,felinos,4,0.0,-1.77767403074471,18,2,1,felinos,0.0,-1.3617278360175928,12.0
141,118.0,2,salen,5,0.33333333333333304,-0.346573590279973,18,2,1,salen,0.16666666666666666,-0.6989700043360189,12.0
141,118.0,2,a,6,0.7222222222222221,0.477755722513718,18,2,1,a,0.6666666666666666,0.30102999566398114,12.0
141,118.0,2,cazar.,7,0.7222222222222221,0.477755722513718,18,2,1,cazar,0.3333333333333333,-0.30102999566398125,12.0
142,80.0,1,El,0,0.0555555555555556,-1.41660667202811,18,1,1,El,,,
142,80.0,1,arco,1,0.0,-1.77767403074471,18,1,1,arco,0.0,-1.3617278360175928,12.0
142,80.0,1,iris,2,0.0,-1.77767403074471,18,1,1,iris,0.16666666666666666,-0.6989700043360189,12.0
142,80.0,1,se,3,0.0,-1.77767403074471,18,1,1,se,0.0,-1.3617278360175928,12.0
142,80.0,1,forma,4,0.222222222222222,-0.6263814842476839,18,1,1,forma,0.08333333333333333,-1.041392685158225,12.0
142,80.0,1,luego,5,0.0555555555555556,-1.41660667202811,18,1,1,luego,0.08333333333333333,-1.041392685158225,12.0
142,80.0,1,de,6,1.0,1.77767403074471,18,1,1,de,0.9166666666666666,1.041392685158225,12.0
142,80.0,1,la,7,0.666666666666667,0.346573590279973,18,1,1,la,0.75,0.4771212547196624,12.0
142,80.0,1,lluvia.,8,0.944444444444444,1.41660667202811,18,1,1,lluvia,0.75,0.4771212547196624,12.0
144,81.0,1,No,0,0.0,-1.77767403074471,18,1,1,No,,,
144,81.0,1,te,1,0.0,-1.77767403074471,18,1,1,te,0.0,-1.3617278360175928,12.0
144,81.0,1,des,2,0.0,-1.77767403074471,18,1,1,des,0.0,-1.3617278360175928,12.0
144,81.0,1,por,3,0.7222222222222221,0.477755722513718,18,1,1,por,0.5,0.0,12.0
144,81.0,1,vencido,4,0.944444444444444,1.41660667202811,18,1,1,vencido,0.5833333333333334,0.14612803567823807,12.0
144,81.0,1,ni,5,0.7222222222222221,0.477755722513718,18,1,1,ni,0.6666666666666666,0.30102999566398114,12.0
144,81.0,1,aún,6,0.833333333333333,0.8047189562170501,18,1,1,aún,0.6666666666666666,0.30102999566398114,12.0
144,81.0,1,vencido.,7,0.8888888888888891,1.03972077083992,18,1,1,vencido,0.9166666666666666,1.041392685158225,12.0
146,82.0,1,Hasta,0,0.0,-1.77767403074471,18,1,1,Hasta,,,
146,82.0,1,aquí,1,0.0,-1.77767403074471,18,1,1,aquí,0.0,-1.3617278360175928,12.0
146,82.0,1,llegó,2,0.277777777777778,-0.477755722513718,18,1,1,llegó,0.0,-1.3617278360175928,12.0
146,82.0,1,mi,3,0.555555555555556,0.111571775657105,18,1,1,mi,0.5833333333333334,0.14612803567823807,12.0
146,82.0,1,amor.,4,0.444444444444444,-0.111571775657105,18,1,1,amor,0.5833333333333334,0.14612803567823807,12.0
147,43.0,0,No,0,0.0,-1.77767403074471,18,0,0,No,,,
147,43.0,0,todo,1,0.0,-1.77767403074471,18,0,0,todo,0.0,-1.3617278360175928,12.0
147,43.0,0,lo,2,0.7222222222222221,0.477755722513718,18,0,0,lo,0.6666666666666666,0.30102999566398114,12.0
147,43.0,0,que,3,0.944444444444444,1.41660667202811,18,0,0,que,0.8333333333333334,0.698970004336019,12.0
147,43.0,0,brilla,4,0.666666666666667,0.346573590279973,18,0,0,brilla,0.08333333333333333,-1.041392685158225,12.0
147,43.0,0,es,5,1.0,1.77767403074471,18,0,0,es,1.0,1.3617278360175933,12.0
147,43.0,0,oro.,6,0.944444444444444,1.41660667202811,18,0,0,oro,1.0,1.3617278360175933,12.0
148,119.0,2,El,0,0.0,-1.77767403074471,18,2,1,El,,,
148,119.0,2,oro,1,0.0,-1.77767403074471,18,2,1,oro,0.0,-1.3617278360175928,12.0
148,119.0,2,es,2,0.6111111111111109,0.225992561871529,18,2,1,es,0.3333333333333333,-0.30102999566398125,12.0
148,119.0,2,un,3,0.555555555555556,0.111571775657105,18,2,1,un,0.6666666666666666,0.30102999566398114,12.0
148,119.0,2,metal,4,0.6111111111111109,0.225992561871529,18,2,1,metal,0.9166666666666666,1.041392685158225,12.0
148,119.0,2,muy,5,0.111111111111111,-1.03972077083992,18,2,1,muy,0.0,-1.3617278360175928,12.0
148,119.0,2,codiciado.,6,0.0555555555555556,-1.41660667202811,18,2,1,codiciado,0.0,-1.3617278360175928,12.0
149,83.0,1,El,0,0.166666666666667,-0.8047189562170501,18,1,1,El,,,
149,83.0,1,fumar,1,0.0,-1.77767403074471,18,1,1,fumar,0.0,-1.3617278360175928,12.0
149,83.0,1,es,2,0.944444444444444,1.41660667202811,18,1,1,es,0.5,0.0,12.0
149,83.0,1,perjudicial,3,0.8888888888888891,1.03972077083992,18,1,1,perjudicial,0.5833333333333334,0.14612803567823807,12.0
149,83.0,1,para,4,0.8888888888888891,1.03972077083992,18,1,1,para,1.0,1.3617278360175933,12.0
149,83.0,1,la,5,1.0,1.77767403074471,18,1,1,la,1.0,1.3617278360175933,12.0
149,83.0,1,salud.,6,1.0,1.77767403074471,18,1,1,salud,1.0,1.3617278360175933,12.0
151,120.0,2,Algunos,0,0.0,-1.77767403074471,18,2,1,Algunos,,,
151,120.0,2,días,1,0.0,-1.77767403074471,18,2,1,días,0.0,-1.3617278360175928,12.0
151,120.0,2,el,2,0.0,-1.77767403074471,18,2,1,el,0.0,-1.3617278360175928,12.0
151,120.0,2,cielo,3,0.0,-1.77767403074471,18,2,1,cielo,0.08333333333333333,-1.041392685158225,12.0
151,120.0,2,está,4,0.277777777777778,-0.477755722513718,18,2,1,está,0.8333333333333334,0.698970004336019,12.0
151,120.0,2,todo,5,0.0,-1.77767403074471,18,2,1,todo,0.0,-1.3617278360175928,12.0
151,120.0,2,estrellado.,6,0.0,-1.77767403074471,18,2,1,estrellado,0.0,-1.3617278360175928,12.0
153,84.0,1,Quién,0,0.0,-1.77767403074471,18,1,1,Quién,,,
153,84.0,1,se,1,0.0,-1.77767403074471,18,1,1,se,0.0,-1.3979400086720375,13.0
153,84.0,1,ha,2,0.0555555555555556,-1.41660667202811,18,1,1,ha,0.0,-1.3979400086720375,13.0
153,84.0,1,tomado,3,0.277777777777778,-0.477755722513718,18,1,1,tomado,0.07692307692307693,-1.0791812460476249,13.0
153,84.0,1,todo,4,0.8888888888888891,1.03972077083992,18,1,1,todo,0.3076923076923077,-0.3521825181113625,13.0
153,84.0,1,el,5,0.944444444444444,1.41660667202811,18,1,1,el,0.4615384615384616,-0.06694678963061318,13.0
153,84.0,1,vino.,6,1.0,1.77767403074471,18,1,1,vino,0.8461538461538461,0.7403626894942439,13.0
154,121.0,2,Juan,0,0.0,-1.77767403074471,18,2,1,Juan,,,
154,121.0,2,tiene,1,0.0555555555555556,-1.41660667202811,18,2,1,tiene,0.25,-0.4771212547196625,12.0
154,121.0,2,muy,2,0.0,-1.77767403074471,18,2,1,muy,0.0,-1.3617278360175928,12.0
154,121.0,2,poca,3,0.0,-1.77767403074471,18,2,1,poca,0.0,-1.3617278360175928,12.0
154,121.0,2,visión,4,0.0,-1.77767403074471,18,2,1,visión,0.0,-1.3617278360175928,12.0
154,121.0,2,en,5,0.0,-1.77767403074471,18,2,1,en,0.0,-1.3617278360175928,12.0
154,121.0,2,ambos,6,0.0,-1.77767403074471,18,2,1,ambos,0.0,-1.3617278360175928,12.0
154,121.0,2,ojos.,7,0.833333333333333,0.8047189562170501,18,2,1,ojos,1.0,1.3617278360175933,12.0
155,44.0,0,El,0,0.0,-1.77767403074471,18,0,0,El,,,
155,44.0,0,ojo,1,0.0555555555555556,-1.41660667202811,18,0,0,ojo,0.0,-1.3617278360175928,12.0
155,44.0,0,del,2,0.0555555555555556,-1.41660667202811,18,0,0,del,0.75,0.4771212547196624,12.0
155,44.0,0,amo,3,0.0555555555555556,-1.41660667202811,18,0,0,amo,0.6666666666666666,0.30102999566398114,12.0
155,44.0,0,engorda,4,0.33333333333333304,-0.346573590279973,18,0,0,engorda,0.8333333333333334,0.698970004336019,12.0
155,44.0,0,el,5,0.33333333333333304,-0.346573590279973,18,0,0,el,0.8333333333333334,0.698970004336019,12.0
155,44.0,0,ganado.,6,0.5,0.0,18,0,0,ganado,0.9166666666666666,1.041392685158225,12.0
156,85.0,1,En,0,0.0555555555555556,-1.41660667202811,18,1,1,En,,,
156,85.0,1,el,1,0.111111111111111,-1.03972077083992,18,1,1,el,0.09090909090909093,-1.0,11.0
156,85.0,1,tambo,2,0.0,-1.77767403074471,18,1,1,tambo,0.0,-1.3222192947339193,11.0
156,85.0,1,ordeñan,3,0.0,-1.77767403074471,18,1,1,ordeñan,0.09090909090909093,-1.0,11.0
156,85.0,1,a,4,0.33333333333333304,-0.346573590279973,18,1,1,a,0.18181818181818185,-0.6532125137753436,11.0
156,85.0,1,las,5,1.0,1.77767403074471,18,1,1,las,0.9090909090909092,0.9999999999999998,11.0
156,85.0,1,vacas.,6,1.0,1.77767403074471,18,1,1,vacas,1.0,1.3222192947339195,11.0
157,122.0,2,El,0,0.0,-1.77767403074471,18,2,1,El,,,
157,122.0,2,patrón,1,0.0,-1.77767403074471,18,2,1,patrón,0.08333333333333333,-1.041392685158225,12.0
157,122.0,2,le,2,0.0,-1.77767403074471,18,2,1,le,0.16666666666666666,-0.6989700043360189,12.0
157,122.0,2,ordenó,3,0.111111111111111,-1.03972077083992,18,2,1,ordenó,0.08333333333333333,-1.041392685158225,12.0
157,122.0,2,a,4,0.277777777777778,-0.477755722513718,18,2,1,a,0.08333333333333333,-1.041392685158225,12.0
157,122.0,2,la,5,0.0,-1.77767403074471,18,2,1,la,0.08333333333333333,-1.041392685158225,12.0
157,122.0,2,criada,6,0.0,-1.77767403074471,18,2,1,criada,0.08333333333333333,-1.041392685158225,12.0
157,122.0,2,callarse.,7,0.0,-1.77767403074471,18,2,1,callarse,0.08333333333333333,-1.041392685158225,12.0
159,123.0,2,Él,0,0.0,-1.77767403074471,18,2,1,Él,,,
159,123.0,2,se,1,0.0555555555555556,-1.41660667202811,18,2,1,se,0.08333333333333333,-1.041392685158225,12.0
159,123.0,2,encontró,2,0.0,-1.77767403074471,18,2,1,encontró,0.0,-1.3617278360175928,12.0
159,123.0,2,con,3,0.833333333333333,0.8047189562170501,18,2,1,con,0.6666666666666666,0.30102999566398114,12.0
159,123.0,2,María,4,0.0,-1.77767403074471,18,2,1,María,0.0,-1.3617278360175928,12.0
159,123.0,2,el,5,0.0,-1.77767403074471,18,2,1,el,0.08333333333333333,-1.041392685158225,12.0
159,123.0,2,otro,6,0.0,-1.77767403074471,18,2,1,otro,0.0,-1.3617278360175928,12.0
159,123.0,2,día.,7,0.944444444444444,1.41660667202811,18,2,1,día,0.75,0.4771212547196624,12.0
160,86.0,1,No,0,0.0555555555555556,-1.41660667202811,18,1,1,No,,,
160,86.0,1,desearás,1,0.0,-1.77767403074471,18,1,1,desearás,0.0,-1.3617278360175928,12.0
160,86.0,1,a,2,0.555555555555556,0.111571775657105,18,1,1,a,0.16666666666666666,-0.6989700043360189,12.0
160,86.0,1,la,3,0.7777777777777779,0.6263814842476839,18,1,1,la,0.75,0.4771212547196624,12.0
160,86.0,1,mujer,4,0.8888888888888891,1.03972077083992,18,1,1,mujer,0.8333333333333334,0.698970004336019,12.0
160,86.0,1,de,5,0.944444444444444,1.41660667202811,18,1,1,de,0.9166666666666666,1.041392685158225,12.0
160,86.0,1,tu,6,0.833333333333333,0.8047189562170501,18,1,1,tu,0.9166666666666666,1.041392685158225,12.0
160,86.0,1,prójimo.,7,0.944444444444444,1.41660667202811,18,1,1,prójimo,0.9166666666666666,1.041392685158225,12.0
161,45.0,0,En,0,0.222222222222222,-0.6263814842476839,18,0,0,En,,,
161,45.0,0,todas,1,0.0,-1.77767403074471,18,0,0,todas,0.0,-1.3222192947339193,11.0
161,45.0,0,partes,2,0.111111111111111,-1.03972077083992,18,0,0,partes,0.09090909090909093,-1.0,11.0
161,45.0,0,se,3,0.6111111111111109,0.225992561871529,18,0,0,se,0.7272727272727273,0.4259687322722812,11.0
161,45.0,0,cuecen,4,0.38888888888888895,-0.225992561871529,18,0,0,cuecen,0.8181818181818182,0.6532125137753438,11.0
161,45.0,0,habas.,5,0.666666666666667,0.346573590279973,18,0,0,habas,1.0,1.3222192947339195,11.0
162,124.0,2,En,0,0.111111111111111,-1.03972077083992,18,2,1,En,,,
162,124.0,2,su,1,0.0,-1.77767403074471,18,2,1,su,0.0,-1.3617278360175928,12.0
162,124.0,2,casa,2,0.833333333333333,0.8047189562170501,18,2,1,casa,0.5833333333333334,0.14612803567823807,12.0
162,124.0,2,siempre,3,0.0,-1.77767403074471,18,2,1,siempre,0.0,-1.3617278360175928,12.0
162,124.0,2,hacen,4,0.0,-1.77767403074471,18,2,1,hacen,0.0,-1.3617278360175928,12.0
162,124.0,2,comidas,5,0.0,-1.77767403074471,18,2,1,comidas,0.0,-1.3617278360175928,12.0
162,124.0,2,muy,6,0.33333333333333304,-0.346573590279973,18,2,1,muy,0.25,-0.4771212547196625,12.0
162,124.0,2,elaboradas.,7,0.0555555555555556,-1.41660667202811,18,2,1,elaboradas,0.08333333333333333,-1.041392685158225,12.0
166,46.0,0,Donde,0,0.111111111111111,-1.03972077083992,18,0,0,Donde,,,
166,46.0,0,manda,1,0.0,-1.77767403074471,18,0,0,manda,0.08333333333333333,-1.041392685158225,12.0
166,46.0,0,capitán,2,0.7222222222222221,0.477755722513718,18,0,0,capitán,1.0,1.3617278360175933,12.0
166,46.0,0,no,3,0.944444444444444,1.41660667202811,18,0,0,no,0.9166666666666666,1.041392685158225,12.0
166,46.0,0,manda,4,0.8888888888888891,1.03972077083992,18,0,0,manda,0.9166666666666666,1.041392685158225,12.0
166,46.0,0,marinero.,5,1.0,1.77767403074471,18,0,0,marinero,0.9166666666666666,1.041392685158225,12.0
167,47.0,0,Mal,0,0.0,-1.77767403074471,18,0,0,Mal,,,
167,47.0,0,de,1,0.111111111111111,-1.03972077083992,18,0,0,de,0.25,-0.4771212547196625,12.0
167,47.0,0,muchos,2,0.5,0.0,18,0,0,muchos,0.5,0.0,12.0
167,47.0,0,consuelo,3,0.6111111111111109,0.225992561871529,18,0,0,consuelo,0.9166666666666666,1.041392685158225,12.0
167,47.0,0,de,4,0.8888888888888891,1.03972077083992,18,0,0,de,0.9166666666666666,1.041392685158225,12.0
167,47.0,0,tontos.,5,0.666666666666667,0.346573590279973,18,0,0,tontos,0.75,0.4771212547196624,12.0
168,87.0,1,Las,0,0.0,-1.77767403074471,18,1,1,Las,,,
168,87.0,1,cosas,1,0.111111111111111,-1.03972077083992,18,1,1,cosas,0.08333333333333333,-1.041392685158225,12.0
168,87.0,1,se,2,0.0,-1.77767403074471,18,1,1,se,0.08333333333333333,-1.041392685158225,12.0
168,87.0,1,hacen,3,0.33333333333333304,-0.346573590279973,18,1,1,hacen,0.08333333333333333,-1.041392685158225,12.0
168,87.0,1,bien,4,0.222222222222222,-0.6263814842476839,18,1,1,bien,0.4166666666666667,-0.14612803567823793,12.0
168,87.0,1,o,5,0.666666666666667,0.346573590279973,18,1,1,o,0.8333333333333334,0.698970004336019,12.0
168,87.0,1,no,6,0.6111111111111109,0.225992561871529,18,1,1,no,0.8333333333333334,0.698970004336019,12.0
168,87.0,1,se,7,1.0,1.77767403074471,18,1,1,se,0.9166666666666666,1.041392685158225,12.0
168,87.0,1,hacen.,8,1.0,1.77767403074471,18,1,1,hacen,1.0,1.3617278360175933,12.0
170,48.0,0,Cría,0,0.0,-1.77767403074471,18,0,0,Cría,,,
170,48.0,0,cuervos,1,0.555555555555556,0.111571775657105,18,0,0,cuervos,0.6666666666666666,0.30102999566398114,12.0
170,48.0,0,y,2,0.944444444444444,1.41660667202811,18,0,0,y,0.75,0.4771212547196624,12.0
170,48.0,0,te,3,0.833333333333333,0.8047189562170501,18,0,0,te,0.8333333333333334,0.698970004336019,12.0
170,48.0,0,sacarán,4,0.555555555555556,0.111571775657105,18,0,0,sacarán,0.5833333333333334,0.14612803567823807,12.0
170,48.0,0,los,5,0.944444444444444,1.41660667202811,18,0,0,los,0.8333333333333334,0.698970004336019,12.0
170,48.0,0,ojos.,6,0.944444444444444,1.41660667202811,18,0,0,ojos,1.0,1.3617278360175933,12.0
171,88.0,1,Los,0,0.166666666666667,-0.8047189562170501,18,1,1,Los,,,
171,88.0,1,ateos,1,0.0,-1.77767403074471,18,1,1,ateos,0.0,-1.3617278360175928,12.0
171,88.0,1,no,2,0.666666666666667,0.346573590279973,18,1,1,no,0.6666666666666666,0.30102999566398114,12.0
171,88.0,1,creen,3,1.0,1.77767403074471,18,1,1,creen,0.9166666666666666,1.041392685158225,12.0
171,88.0,1,en,4,1.0,1.77767403074471,18,1,1,en,0.9166666666666666,1.041392685158225,12.0
171,88.0,1,Dios.,5,0.944444444444444,1.41660667202811,18,1,1,Dios,0.9166666666666666,1.041392685158225,12.0
172,125.0,2,Los,0,0.166666666666667,-0.8047189562170501,18,2,1,Los,,,
172,125.0,2,loros,1,0.0,-1.77767403074471,18,2,1,loros,0.0,-1.3222192947339193,11.0
172,125.0,2,comieron,2,0.0,-1.77767403074471,18,2,1,comieron,0.0,-1.3222192947339193,11.0
172,125.0,2,la,3,0.0555555555555556,-1.41660667202811,18,2,1,la,0.0,-1.3222192947339193,11.0
172,125.0,2,plantación,4,0.0,-1.77767403074471,18,2,1,plantación,0.0,-1.3222192947339193,11.0
172,125.0,2,de,5,1.0,1.77767403074471,18,2,1,de,0.7272727272727273,0.4259687322722812,11.0
172,125.0,2,maíz.,6,0.444444444444444,-0.111571775657105,18,2,1,maíz,0.2727272727272727,-0.4259687322722812,11.0
174,89.0,1,Hoy,0,0.0,-1.77767403074471,18,1,1,Hoy,,,
174,89.0,1,es,1,0.166666666666667,-0.8047189562170501,18,1,1,es,0.6666666666666666,0.30102999566398114,12.0
174,89.0,1,noche,2,0.0,-1.77767403074471,18,1,1,noche,0.0,-1.3617278360175928,12.0
174,89.0,1,buena,3,0.111111111111111,-1.03972077083992,18,1,1,buena,0.16666666666666666,-0.6989700043360189,12.0
174,89.0,1,y,4,0.7777777777777779,0.6263814842476839,18,1,1,y,0.75,0.4771212547196624,12.0
174,89.0,1,mañana,5,0.944444444444444,1.41660667202811,18,1,1,mañana,0.9166666666666666,1.041392685158225,12.0
174,89.0,1,navidad.,6,0.6111111111111109,0.225992561871529,18,1,1,navidad,0.5,0.0,12.0
177,49.0,0,No,0,0.0555555555555556,-1.41660667202811,18,0,0,No,,,
177,49.0,0,hay,1,0.0555555555555556,-1.41660667202811,18,0,0,hay,0.08333333333333333,-1.041392685158225,12.0
177,49.0,0,que,2,0.444444444444444,-0.111571775657105,18,0,0,que,0.25,-0.4771212547196625,12.0
177,49.0,0,pedirle,3,0.0,-1.77767403074471,18,0,0,pedirle,0.0,-1.3617278360175928,12.0
177,49.0,0,peras,4,0.7222222222222221,0.477755722513718,18,0,0,peras,0.8333333333333334,0.698970004336019,12.0
177,49.0,0,al,5,1.0,1.77767403074471,18,0,0,al,0.8333333333333334,0.698970004336019,12.0
177,49.0,0,Olmo.,6,0.8888888888888891,1.03972077083992,18,0,0,Olmo,1.0,1.3617278360175933,12.0
181,126.0,2,María,0,0.0,-1.77767403074471,18,2,1,María,,,
181,126.0,2,nunca,1,0.0,-1.77767403074471,18,2,1,nunca,0.0,-1.3617278360175928,12.0
181,126.0,2,ha,2,0.0,-1.77767403074471,18,2,1,ha,0.0,-1.3617278360175928,12.0
181,126.0,2,hecho,3,0.277777777777778,-0.477755722513718,18,2,1,hecho,0.08333333333333333,-1.041392685158225,12.0
181,126.0,2,llorar,4,0.0,-1.77767403074471,18,2,1,llorar,0.0,-1.3617278360175928,12.0
181,126.0,2,a,5,1.0,1.77767403074471,18,2,1,a,1.0,1.3617278360175933,12.0
181,126.0,2,sus,6,0.0,-1.77767403074471,18,2,1,sus,0.0,-1.3617278360175928,12.0
181,126.0,2,padres.,7,0.166666666666667,-0.8047189562170501,18,2,1,padres,0.25,-0.4771212547196625,12.0
190,127.0,2,Cada,0,0.0,-1.77767403074471,18,2,1,Cada,,,
190,127.0,2,lengua,1,0.0,-1.77767403074471,18,2,1,lengua,0.0,-1.3617278360175928,12.0
190,127.0,2,del,2,0.0,-1.77767403074471,18,2,1,del,0.0,-1.3617278360175928,12.0
190,127.0,2,mundo,3,0.33333333333333304,-0.346573590279973,18,2,1,mundo,0.25,-0.4771212547196625,12.0
190,127.0,2,posee,4,0.0,-1.77767403074471,18,2,1,posee,0.0,-1.3617278360175928,12.0
190,127.0,2,una,5,0.0,-1.77767403074471,18,2,1,una,0.0,-1.3617278360175928,12.0
190,127.0,2,gramática.,6,0.111111111111111,-1.03972077083992,18,2,1,gramática,0.08333333333333333,-1.041392685158225,12.0
196,128.0,2,El,0,0.111111111111111,-1.03972077083992,18,2,1,El,,,
196,128.0,2,destino,1,0.0,-1.77767403074471,18,2,1,destino,0.0,-1.3617278360175928,12.0
196,128.0,2,volvió,2,0.0,-1.77767403074471,18,2,1,volvió,0.0,-1.3617278360175928,12.0
196,128.0,2,a,3,0.833333333333333,0.8047189562170501,18,2,1,a,0.75,0.4771212547196624,12.0
196,128.0,2,unir,4,0.0,-1.77767403074471,18,2,1,unir,0.0,-1.3617278360175928,12.0
196,128.0,2,a,5,0.666666666666667,0.346573590279973,18,2,1,a,0.5833333333333334,0.14612803567823807,12.0
196,128.0,2,los,6,0.5,0.0,18,2,1,los,0.5833333333333334,0.14612803567823807,12.0
196,128.0,2,amigos.,7,0.277777777777778,-0.477755722513718,18,2,1,amigos,0.25,-0.4771212547196625,12.0
197,129.0,2,En,0,0.166666666666667,-0.8047189562170501,18,2,1,En,,,
197,129.0,2,el,1,0.222222222222222,-0.6263814842476839,18,2,1,el,0.08333333333333333,-1.041392685158225,12.0
197,129.0,2,tribunal,2,0.0,-1.77767403074471,18,2,1,tribunal,0.0,-1.3617278360175928,12.0
197,129.0,2,la,3,0.0,-1.77767403074471,18,2,1,la,0.0,-1.3617278360175928,12.0
197,129.0,2,votación,4,0.0,-1.77767403074471,18,2,1,votación,0.0,-1.3617278360175928,12.0
197,129.0,2,fue,5,0.944444444444444,1.41660667202811,18,2,1,fue,0.5833333333333334,0.14612803567823807,12.0
197,129.0,2,reñida.,6,0.0,-1.77767403074471,18,2,1,reñida,0.0,-1.3617278360175928,12.0
